'2017-01-30 21:08:00',0,0,0,47304925.000,33.000,33.333,30.000,37.500,3.000,0,,,,3.000,0,,,,9.000,0,,,,1.000,0,,,,1.000,0,,,,0.220,0.220,0.220,0.220,,,,,,,0,0
'2017-01-30 21:09:00',0,0,0,47304958.000,33.000,33.333,30.000,33.333,3.000,0,,,,3.000,0,,,,9.000,0,,,,1.000,0,,,,1.000,0,,,,0.220,0.220,0.220,0.220,,,,,,,1,0
'2017-01-30 21:10:00',0,0,0,47304990.000,32.000,33.333,30.000,37.500,3.000,0,,,,3.000,0,,,,9.000,0,,,,1.000,0,,,,1.000,0,,,,0.220,0.220,0.220,0.220,,,,,,,0,0
'2017-01-30 21:11:00',0,0,0,47305021.000,31.000,33.333,30.000,33.333,3.000,0,,,,3.000,0,,,,9.000,0,,,,1.000,0,,,,1.000,0,,,,0.220,0.220,0.220,0.220,,,,,,,0,0
'2017-01-30 21:12:00',0,0,0,47305051.000,30.000,30.000,27.273,33.333,3.000,0,,,,3.000,0,,,,9.000,0,,,,1.000,0,,,,1.000,0,,,,0.220,0.220,0.220,0.220,,,,,,,1,0
'2017-01-30 21:13:00',0,0,0,47305082.000,31.000,33.333,30.000,33.333,3.000,0,,,,3.000,0,,,,9.000,0,,,,1.000,0,,,,1.000,0,,,,0.220,0.220,0.220,0.220,,,,,,,1,0
'2017-01-30 21:14:00',0,0,0,47305112.000,30.000,30.000,30.000,33.333,3.000,0,,,,3.000,0,,,,9.000,0,,,,1.000,0,,,,1.000,0,,,,0.220,0.220,0.220,0.220,,,,,,,0,0
'2017-01-30 21:15:00',0,0,0,47305145.000,33.000,33.333,30.000,37.500,3.000,0,,,,3.000,0,,,,9.000,0,,,,1.000,0,,,,1.000,0,,,,0.220,0.220,0.220,0.220,,,,,,,1,0
'2017-01-30 21:16:00',0,0,0,47305178.000,33.000,33.333,30.000,37.500,3.000,0,,,,3.000,0,,,,9.000,0,,,,1.000,0,,,,1.000,0,,,,0.220,0.220,0.220,0.220,,,,,,,1,0
'2017-01-30 21:17:00',0,0,0,47305209.000,31.000,30.000,30.000,33.333,3.000,0,,,,3.000,0,,,,9.000,0,,,,1.000,0,,,,1.000,0,,,,0.220,0.220,0.220,0.220,,,,,,,0,0
'2017-01-30 21:18:00',0,0,0,47305239.000,30.000,30.000,30.000,30.000,3.000,0,,,,3.000,0,,,,9.000,0,,,,1.000,0,,,,1.000,0,,,,0.220,0.220,0.220,0.220,,,,,,,0,0
'2017-01-30 21:19:00',0,0,0,47305269.000,30.000,30.000,27.273,30.000,3.000,0,,,,3.000,0,,,,9.000,0,,,,1.000,0,,,,1.000,0,,,,0.220,0.220,0.220,0.220,,,,,,,1,0
'2017-01-30 21:20:00',0,0,0,47305298.000,29.000,30.000,27.273,30.000,3.000,0,,,,3.000,0,,,,9.000,0,,,,1.000,0,,,,1.000,0,,,,0.220,0.220,0.220,0.220,,,,,,,0,0
'2017-01-30 21:21:00',0,0,0,47305327.000,29.000,30.000,27.273,30.000,3.000,0,,,,3.000,0,,,,9.000,0,,,,1.000,0,,,,1.000,0,,,,0.220,0.220,0.220,0.220,,,,,,,1,0
'2017-01-30 21:22:00',0,0,0,47305355.000,28.000,27.273,27.273,30.000,3.000,0,,,,3.000,0,,,,9.000,0,,,,1.000,0,,,,1.000,0,,,,0.220,0.220,0.220,0.220,,,,,,,1,0
'2017-01-30 21:23:00',0,0,0,47305382.000,27.000,27.273,25.000,30.000,3.000,0,,,,3.000,0,,,,9.000,0,,,,1.000,0,,,,1.000,0,,,,0.220,0.220,0.220,0.220,,,,,,,0,0
'2017-01-30 21:24:00',0,0,0,47305412.000,30.000,30.000,27.273,30.000,3.000,0,,,,3.000,0,,,,9.000,0,,,,1.000,0,,,,1.000,0,,,,0.220,0.220,0.220,0.220,,,,,,,1,0
'2017-01-30 21:25:00',0,0,0,47305442.000,30.000,30.000,30.000,33.333,3.000,0,,,,3.000,0,,,,9.000,0,,,,1.000,0,,,,1.000,0,,,,0.220,0.220,0.220,0.220,,,,,,,0,0
'2017-01-30 21:26:00',0,0,0,47305473.000,31.000,30.000,30.000,33.333,3.000,0,,,,3.000,0,,,,9.000,0,,,,1.000,0,,,,1.000,0,,,,0.220,0.220,0.220,0.220,,,,,,,1,0
'2017-01-30 21:27:00',0,0,0,47305503.000,30.000,30.000,30.000,33.333,3.000,0,,,,3.000,0,,,,9.000,0,,,,1.000,0,,,,1.000,0,,,,0.220,0.220,0.220,0.220,,,,,,,0,0
'2017-01-30 21:28:00',0,0,0,47305534.000,31.000,30.000,30.000,33.333,3.000,0,,,,3.000,0,,,,9.000,0,,,,1.000,0,,,,1.000,0,,,,0.220,0.220,0.220,0.220,,,,,,,0,0
'2017-01-30 21:29:00',0,0,0,47305563.000,29.000,27.273,27.273,30.000,3.000,0,,,,3.000,0,,,,9.000,0,,,,1.000,0,,,,1.000,0,,,,0.220,0.220,0.220,0.220,,,,,,,0,0
'2017-01-30 21:30:00',0,0,0,47305593.000,30.000,30.000,27.273,33.333,3.000,0,,,,3.000,0,,,,9.000,0,,,,1.000,0,,,,1.000,0,,,,0.220,0.220,0.220,0.220,,,,,,,0,0
'2017-01-30 21:31:00',0,0,0,47305624.000,31.000,30.000,30.000,33.333,3.000,0,,,,3.000,0,,,,9.000,0,,,,1.000,0,,,,1.000,0,,,,0.220,0.220,0.220,0.220,,,,,,,0,0
'2017-01-30 21:32:00',0,0,0,47305657.000,33.000,33.333,30.000,37.500,3.000,0,,,,3.000,0,,,,9.000,0,,,,1.000,0,,,,1.000,0,,,,0.220,0.220,0.220,0.220,,,,,,,0,0
'2017-01-30 21:33:00',0,0,0,47305690.000,33.000,33.333,30.000,37.500,3.000,0,,,,3.000,0,,,,9.000,0,,,,1.000,0,,,,1.000,0,,,,0.220,0.220,0.220,0.220,,,,,,,1,0
'2017-01-30 21:34:00',0,0,0,47305722.000,32.000,33.333,30.000,37.500,3.000,0,,,,3.000,0,,,,9.000,0,,,,1.000,0,,,,1.000,0,,,,0.220,0.220,0.220,0.220,,,,,,,0,0
'2017-01-30 21:35:00',0,0,0,47305755.000,33.000,33.333,30.000,33.333,3.000,0,,,,3.000,0,,,,9.000,0,,,,1.000,0,,,,1.000,0,,,,0.220,0.220,0.220,0.220,,,,,,,1,0
'2017-01-30 21:36:00',0,0,0,47305786.000,31.000,30.000,30.000,33.333,3.000,0,,,,3.000,0,,,,9.000,0,,,,1.000,0,,,,1.000,0,,,,0.220,0.220,0.220,0.220,,,,,,,0,0
'2017-01-30 21:37:00',0,0,0,47305817.000,31.000,33.333,30.000,33.333,3.000,0,,,,3.000,0,,,,9.000,0,,,,1.000,0,,,,1.000,0,,,,0.220,0.220,0.220,0.220,,,,,,,0,0
'2017-01-30 21:38:00',0,0,0,47305848.000,31.000,30.000,30.000,33.333,3.000,0,,,,3.000,0,,,,9.000,0,,,,1.000,0,,,,1.000,0,,,,0.220,0.220,0.220,0.220,,,,,,,1,0
'2017-01-30 21:39:00',0,0,0,47305878.000,30.000,33.333,30.000,33.333,3.000,0,,,,3.000,0,,,,9.000,0,,,,1.000,0,,,,1.000,0,,,,0.220,0.220,0.220,0.220,,,,,,,0,0
'2017-01-30 21:40:00',0,0,0,47305910.000,32.000,30.000,30.000,33.333,3.000,0,,,,3.000,0,,,,9.000,0,,,,1.000,0,,,,1.000,0,,,,0.220,0.220,0.220,0.220,,,,,,,1,0
'2017-01-30 21:41:00',0,0,0,47305940.000,30.000,30.000,27.273,33.333,3.000,0,,,,3.000,0,,,,9.000,0,,,,1.000,0,,,,1.000,0,,,,0.220,0.220,0.220,0.220,,,,,,,1,0
'2017-01-30 21:42:00',0,0,0,47305970.000,30.000,30.000,27.273,30.000,3.000,0,,,,3.000,0,,,,9.000,0,,,,1.000,0,,,,1.000,0,,,,0.220,0.220,0.220,0.220,,,,,,,1,0
'2017-01-30 21:43:00',0,0,0,47306000.000,30.000,30.000,30.000,33.333,3.000,0,,,,3.000,0,,,,9.000,0,,,,1.000,0,,,,1.000,0,,,,0.220,0.220,0.220,0.220,,,,,,,1,0
'2017-01-30 21:44:00',0,0,0,47306029.000,29.000,30.000,30.000,30.000,3.000,0,,,,3.000,0,,,,9.000,0,,,,1.000,0,,,,1.000,0,,,,0.220,0.220,0.220,0.220,,,,,,,0,0
'2017-01-30 21:45:00',0,0,0,47306058.000,29.000,27.273,27.273,30.000,3.000,0,,,,3.000,0,,,,9.000,0,,,,1.000,0,,,,1.000,0,,,,0.220,0.220,0.220,0.220,,,,,,,0,0
'2017-01-30 21:46:00',0,0,0,47306086.000,28.000,27.273,27.273,30.000,3.000,0,,,,3.000,0,,,,9.000,0,,,,1.000,0,,,,1.000,0,,,,0.220,0.220,0.220,0.220,,,,,,,0,0
'2017-01-30 21:47:00',0,0,0,47306115.000,29.000,27.273,27.273,30.000,3.000,0,,,,3.000,0,,,,9.000,0,,,,1.000,0,,,,1.000,0,,,,0.220,0.220,0.220,0.220,,,,,,,1,0
'2017-01-30 21:48:00',0,0,0,47306142.000,27.000,27.273,25.000,30.000,3.000,0,,,,3.000,0,,,,9.000,0,,,,1.000,0,,,,1.000,0,,,,0.220,0.220,0.220,0.220,,,,,,,1,0
'2017-01-30 21:49:00',0,0,0,47306168.000,26.000,27.273,25.000,27.273,3.000,0,,,,3.000,0,,,,9.000,0,,,,1.000,0,,,,1.000,0,,,,0.220,0.220,0.220,0.220,,,,,,,0,0
'2017-01-30 21:50:00',0,0,0,47306196.000,28.000,30.000,25.000,30.000,3.000,0,,,,3.000,0,,,,9.000,0,,,,1.000,0,,,,1.000,0,,,,0.220,0.220,0.220,0.220,,,,,,,0,0
'2017-01-30 21:51:00',0,0,0,47306225.000,29.000,30.000,27.273,30.000,3.000,0,,,,3.000,0,,,,9.000,0,,,,1.000,0,,,,1.000,0,,,,0.220,0.220,0.220,0.220,,,,,,,1,0
'2017-01-30 21:52:00',0,0,0,47306253.000,28.000,30.000,27.273,30.000,3.000,0,,,,3.000,0,,,,9.000,0,,,,1.000,0,,,,1.000,0,,,,0.220,0.220,0.220,0.220,,,,,,,0,0
'2017-01-30 21:53:00',0,0,0,47306282.000,29.000,30.000,27.273,30.000,3.000,0,,,,3.000,0,,,,9.000,0,,,,1.000,0,,,,1.000,0,,,,0.220,0.220,0.220,0.220,,,,,,,1,0
'2017-01-30 21:54:00',0,0,0,47306311.000,29.000,30.000,27.273,30.000,3.000,0,,,,3.000,0,,,,9.000,0,,,,1.000,0,,,,1.000,0,,,,0.220,0.220,0.220,0.220,,,,,,,0,0
'2017-01-30 21:55:00',0,0,0,47306341.000,30.000,30.000,30.000,30.000,3.000,0,,,,3.000,0,,,,9.000,0,,,,1.000,0,,,,1.000,0,,,,0.220,0.220,0.220,0.220,,,,,,,0,0
'2017-01-30 21:56:00',0,0,0,47306371.000,30.000,30.000,27.273,30.000,3.000,0,,,,3.000,0,,,,9.000,0,,,,1.000,0,,,,1.000,0,,,,0.220,0.220,0.220,0.220,,,,,,,1,0
'2017-01-30 21:57:00',0,0,0,47306400.000,29.000,30.000,27.273,33.333,3.000,0,,,,3.000,0,,,,9.000,0,,,,1.000,0,,,,1.000,0,,,,0.220,0.220,0.220,0.220,,,,,,,0,0
'2017-01-30 21:58:00',0,0,0,47306429.000,29.000,27.273,27.273,30.000,3.000,0,,,,3.000,0,,,,9.000,0,,,,1.000,0,,,,1.000,0,,,,0.220,0.220,0.220,0.220,,,,,,,0,0
'2017-01-30 21:59:00',0,0,0,47306459.000,30.000,33.333,27.273,33.333,3.000,0,,,,3.000,0,,,,9.000,0,,,,1.000,0,,,,1.000,0,,,,0.220,0.220,0.220,0.220,,,,,,,0,0
'2017-01-30 22:00:00',0,0,0,47306488.000,29.000,27.273,27.273,33.333,3.000,0,,,,3.000,0,,,,9.000,0,,,,1.000,0,,,,1.000,0,,,,0.220,0.220,0.220,0.220,,,,,,,1,0
'2017-01-30 22:01:00',0,0,0,47306516.000,28.000,27.273,27.273,30.000,3.000,0,,,,3.000,0,,,,9.000,0,,,,1.000,0,,,,1.000,0,,,,0.220,0.220,0.220,0.220,,,,,,,0,0
'2017-01-30 22:02:00',0,0,0,47306546.000,30.000,30.000,27.273,30.000,3.000,0,,,,3.000,0,,,,9.000,0,,,,1.000,0,,,,1.000,0,,,,0.220,0.220,0.220,0.220,,,,,,,1,0
'2017-01-30 22:03:00',0,0,0,47306576.000,30.000,30.000,30.000,33.333,3.000,0,,,,3.000,0,,,,9.000,0,,,,1.000,0,,,,1.000,0,,,,0.220,0.220,0.220,0.220,,,,,,,0,0
'2017-01-30 22:04:00',0,0,0,47306606.000,30.000,30.000,27.273,30.000,3.000,0,,,,3.000,0,,,,9.000,0,,,,1.000,0,,,,1.000,0,,,,0.220,0.220,0.220,0.220,,,,,,,1,0
'2017-01-30 22:05:00',0,0,0,47306635.000,29.000,30.000,27.273,30.000,3.000,0,,,,3.000,0,,,,9.000,0,,,,1.000,0,,,,1.000,0,,,,0.220,0.220,0.220,0.220,,,,,,,0,0
'2017-01-30 22:06:00',0,0,0,47306666.000,31.000,33.333,30.000,33.333,3.000,0,,,,3.000,0,,,,9.000,0,,,,1.000,0,,,,1.000,0,,,,0.220,0.220,0.220,0.220,,,,,,,0,0
'2017-01-30 22:07:00',0,0,0,47306697.000,31.000,30.000,30.000,33.333,3.000,0,,,,3.000,0,,,,9.000,0,,,,1.000,0,,,,1.000,0,,,,0.220,0.220,0.220,0.220,,,,,,,0,0
'2017-01-30 22:08:00',0,0,0,47306728.000,31.000,30.000,30.000,33.333,3.000,0,,,,3.000,0,,,,9.000,0,,,,1.000,0,,,,1.000,0,,,,0.220,0.220,0.220,0.220,,,,,,,1,0
'2017-01-30 22:09:00',0,0,0,47306758.000,30.000,33.333,30.000,33.333,3.000,0,,,,3.000,0,,,,9.000,0,,,,1.000,0,,,,1.000,0,,,,0.220,0.220,0.220,0.220,,,,,,,0,0
'2017-01-30 22:10:00',0,0,0,47306791.000,33.000,33.333,30.000,33.333,3.000,0,,,,3.000,0,,,,9.000,0,,,,1.000,0,,,,1.000,0,,,,0.220,0.220,0.220,0.220,,,,,,,1,0
'2017-01-30 22:11:00',0,0,0,47306823.000,32.000,33.333,30.000,37.500,3.000,0,,,,3.000,0,,,,9.000,0,,,,1.000,0,,,,1.000,0,,,,0.220,0.220,0.220,0.220,,,,,,,0,0
'2017-01-30 22:12:00',0,0,0,47306854.000,31.000,30.000,30.000,33.333,3.000,0,,,,3.000,0,,,,9.000,0,,,,1.000,0,,,,1.000,0,,,,0.220,0.220,0.220,0.220,,,,,,,0,0
'2017-01-30 22:13:00',0,0,0,47306884.000,30.000,30.000,30.000,30.000,3.000,0,,,,3.000,0,,,,9.000,0,,,,1.000,0,,,,1.000,0,,,,0.220,0.220,0.220,0.220,,,,,,,0,0
'2017-01-30 22:14:00',0,0,0,47306915.000,31.000,30.000,27.273,33.333,3.000,0,,,,3.000,0,,,,9.000,0,,,,1.000,0,,,,1.000,0,,,,0.220,0.220,0.220,0.220,,,,,,,1,0
'2017-01-30 22:15:00',0,0,0,47306945.000,30.000,33.333,27.273,33.333,3.000,0,,,,3.000,0,,,,9.000,0,,,,1.000,0,,,,1.000,0,,,,0.220,0.220,0.220,0.220,,,,,,,0,0
'2017-01-30 22:16:00',0,0,0,47306976.000,31.000,33.333,30.000,33.333,3.000,0,,,,3.000,0,,,,9.000,0,,,,1.000,0,,,,1.000,0,,,,0.220,0.220,0.220,0.220,,,,,,,1,0
'2017-01-30 22:17:00',0,0,0,47307005.000,29.000,27.273,27.273,33.333,3.000,0,,,,3.000,0,,,,9.000,0,,,,1.000,0,,,,1.000,0,,,,0.220,0.220,0.220,0.220,,,,,,,1,0
'2017-01-30 22:18:00',0,0,0,47307034.000,29.000,30.000,27.273,30.000,3.000,0,,,,3.000,0,,,,9.000,0,,,,1.000,0,,,,1.000,0,,,,0.220,0.220,0.220,0.220,,,,,,,0,0
'2017-01-30 22:19:00',0,0,0,47307065.000,31.000,33.333,30.000,33.333,3.000,0,,,,3.000,0,,,,9.000,0,,,,1.000,0,,,,1.000,0,,,,0.220,0.220,0.220,0.220,,,,,,,0,0
'2017-01-30 22:20:00',0,0,0,47307097.000,32.000,30.000,30.000,33.333,3.000,0,,,,3.000,0,,,,9.000,0,,,,1.000,0,,,,1.000,0,,,,0.220,0.220,0.220,0.220,,,,,,,1,0
'2017-01-30 22:21:00',0,0,0,47307128.000,31.000,30.000,30.000,33.333,3.000,0,,,,3.000,0,,,,9.000,0,,,,1.000,0,,,,1.000,0,,,,0.220,0.220,0.220,0.220,,,,,,,0,0
'2017-01-30 22:22:00',0,0,0,47307159.000,31.000,30.000,30.000,33.333,3.000,0,,,,3.000,0,,,,9.000,0,,,,1.000,0,,,,1.000,0,,,,0.220,0.220,0.220,0.220,,,,,,,0,0
'2017-01-30 22:23:00',0,0,0,47307191.000,32.000,33.333,30.000,33.333,3.000,0,,,,3.000,0,,,,9.000,0,,,,1.000,0,,,,1.000,0,,,,0.220,0.220,0.220,0.220,,,,,,,1,0
'2017-01-30 22:24:00',0,0,0,47307223.000,32.000,33.333,30.000,37.500,3.000,0,,,,3.000,0,,,,9.000,0,,,,1.000,0,,,,1.000,0,,,,0.220,0.220,0.220,0.220,,,,,,,0,0
'2017-01-30 22:25:00',0,0,0,47307253.000,30.000,30.000,30.000,33.333,3.000,0,,,,3.000,0,,,,9.000,0,,,,1.000,0,,,,1.000,0,,,,0.220,0.220,0.220,0.220,,,,,,,0,0
'2017-01-30 22:26:00',0,0,0,47307282.000,29.000,30.000,27.273,30.000,3.000,0,,,,3.000,0,,,,9.000,0,,,,1.000,0,,,,1.000,0,,,,0.220,0.220,0.220,0.220,,,,,,,0,0
'2017-01-30 22:27:00',0,0,0,47307312.000,30.000,30.000,27.273,30.000,3.000,0,,,,3.000,0,,,,9.000,0,,,,1.000,0,,,,1.000,0,,,,0.220,0.220,0.220,0.220,,,,,,,1,0
'2017-01-30 22:28:00',0,0,0,47307342.000,30.000,33.333,27.273,33.333,3.000,0,,,,3.000,0,,,,9.000,0,,,,1.000,0,,,,1.000,0,,,,0.220,0.220,0.220,0.220,,,,,,,1,0
'2017-01-30 22:29:00',0,0,0,47307371.000,29.000,30.000,27.273,33.333,3.000,0,,,,3.000,0,,,,9.000,0,,,,1.000,0,,,,1.000,0,,,,0.220,0.220,0.220,0.220,,,,,,,0,0
'2017-01-30 22:30:00',0,0,0,47307400.000,29.000,27.273,27.273,30.000,3.000,0,,,,3.000,0,,,,9.000,0,,,,1.000,0,,,,1.000,0,,,,0.220,0.220,0.220,0.220,,,,,,,1,0
'2017-01-30 22:31:00',0,0,0,47307428.000,28.000,30.000,27.273,30.000,3.000,0,,,,3.000,0,,,,9.000,0,,,,1.000,0,,,,1.000,0,,,,0.220,0.220,0.220,0.220,,,,,,,0,0
'2017-01-30 22:32:00',0,0,0,47307457.000,29.000,27.273,27.273,30.000,3.000,0,,,,3.000,0,,,,9.000,0,,,,1.000,0,,,,1.000,0,,,,0.220,0.220,0.220,0.220,,,,,,,0,0
'2017-01-30 22:33:00',0,0,0,47307487.000,30.000,30.000,27.273,30.000,3.000,0,,,,3.000,0,,,,9.000,0,,,,1.000,0,,,,1.000,0,,,,0.220,0.220,0.220,0.220,,,,,,,1,0
'2017-01-30 22:34:00',0,0,0,47307515.000,28.000,27.273,27.273,30.000,3.000,0,,,,3.000,0,,,,9.000,0,,,,1.000,0,,,,1.000,0,,,,0.220,0.220,0.220,0.220,,,,,,,1,0
'2017-01-30 22:35:00',0,0,0,47307542.000,27.000,27.273,25.000,30.000,3.000,0,,,,3.000,0,,,,9.000,0,,,,1.000,0,,,,1.000,0,,,,0.220,0.220,0.220,0.220,,,,,,,0,0
'2017-01-30 22:36:00',0,0,0,47307571.000,29.000,27.273,27.273,30.000,3.000,0,,,,3.000,0,,,,9.000,0,,,,1.000,0,,,,1.000,0,,,,0.220,0.220,0.220,0.220,,,,,,,1,0
'2017-01-30 22:37:00',0,0,0,47307600.000,29.000,27.273,27.273,30.000,3.000,0,,,,3.000,0,,,,9.000,0,,,,1.000,0,,,,1.000,0,,,,0.220,0.220,0.220,0.220,,,,,,,1,0
'2017-01-30 22:38:00',0,0,0,47307628.000,28.000,27.273,27.273,30.000,3.000,0,,,,3.000,0,,,,9.000,0,,,,1.000,0,,,,1.000,0,,,,0.220,0.220,0.220,0.220,,,,,,,1,0
'2017-01-30 22:39:00',0,0,0,47307656.000,28.000,27.273,27.273,30.000,3.000,0,,,,3.000,0,,,,9.000,0,,,,1.000,0,,,,1.000,0,,,,0.220,0.220,0.220,0.220,,,,,,,1,0
'2017-01-30 22:40:00',0,0,0,47307684.000,28.000,27.273,27.273,30.000,3.000,0,,,,3.000,0,,,,9.000,0,,,,1.000,0,,,,1.000,0,,,,0.220,0.220,0.220,0.220,,,,,,,1,0
'2017-01-30 22:41:00',0,0,0,47307713.000,29.000,30.000,27.273,30.000,3.000,0,,,,3.000,0,,,,9.000,0,,,,1.000,0,,,,1.000,0,,,,0.220,0.220,0.220,0.220,,,,,,,0,0
'2017-01-30 22:42:00',0,0,0,47307741.000,28.000,27.273,27.273,30.000,3.000,0,,,,3.000,0,,,,9.000,0,,,,1.000,0,,,,1.000,0,,,,0.220,0.220,0.220,0.220,,,,,,,0,0
'2017-01-30 22:43:00',0,0,0,47307770.000,29.000,30.000,27.273,30.000,3.000,0,,,,3.000,0,,,,9.000,0,,,,1.000,0,,,,1.000,0,,,,0.220,0.220,0.220,0.220,,,,,,,1,0
'2017-01-30 22:44:00',0,0,0,47307798.000,28.000,30.000,27.273,30.000,3.000,0,,,,3.000,0,,,,9.000,0,,,,1.000,0,,,,1.000,0,,,,0.220,0.220,0.220,0.220,,,,,,,0,0
'2017-01-30 22:45:00',0,0,0,47307827.000,29.000,30.000,27.273,30.000,3.000,0,,,,3.000,0,,,,9.000,0,,,,1.000,0,,,,1.000,0,,,,0.220,0.220,0.220,0.220,,,,,,,0,0
'2017-01-30 22:46:00',0,0,0,47307856.000,29.000,27.273,27.273,30.000,3.000,0,,,,3.000,0,,,,9.000,0,,,,1.000,0,,,,1.000,0,,,,0.220,0.220,0.220,0.220,,,,,,,0,0
'2017-01-30 22:47:00',0,0,0,47307885.000,29.000,27.273,27.273,33.333,3.000,0,,,,3.000,0,,,,9.000,0,,,,1.000,0,,,,1.000,0,,,,0.220,0.220,0.220,0.220,,,,,,,0,0
'2017-01-30 22:48:00',0,0,0,47307916.000,31.000,30.000,27.273,33.333,3.000,0,,,,3.000,0,,,,9.000,0,,,,1.000,0,,,,1.000,0,,,,0.220,0.220,0.220,0.220,,,,,,,1,0
'2017-01-30 22:49:00',0,0,0,47307946.000,30.000,30.000,30.000,30.000,3.000,0,,,,3.000,0,,,,9.000,0,,,,1.000,0,,,,1.000,0,,,,0.220,0.220,0.220,0.220,,,,,,,1,0
'2017-01-30 22:50:00',0,0,0,47307975.000,29.000,30.000,27.273,30.000,3.000,0,,,,3.000,0,,,,9.000,0,,,,1.000,0,,,,1.000,0,,,,0.220,0.220,0.220,0.220,,,,,,,0,0
'2017-01-30 22:51:00',0,0,0,47308005.000,30.000,30.000,27.273,33.333,3.000,0,,,,3.000,0,,,,9.000,0,,,,1.000,0,,,,1.000,0,,,,0.220,0.220,0.220,0.220,,,,,,,0,0
'2017-01-30 22:52:00',0,0,0,47308035.000,30.000,30.000,27.273,30.000,3.000,0,,,,3.000,0,,,,9.000,0,,,,1.000,0,,,,1.000,0,,,,0.220,0.220,0.220,0.220,,,,,,,1,0
'2017-01-30 22:53:00',0,0,0,47308064.000,29.000,30.000,27.273,30.000,3.000,0,,,,3.000,0,,,,9.000,0,,,,1.000,0,,,,1.000,0,,,,0.220,0.220,0.220,0.220,,,,,,,0,0
'2017-01-30 22:54:00',0,0,0,47308094.000,30.000,30.000,27.273,30.000,3.000,0,,,,3.000,0,,,,9.000,0,,,,1.000,0,,,,1.000,0,,,,0.220,0.220,0.220,0.220,,,,,,,1,0
'2017-01-30 22:55:00',0,0,0,47308124.000,30.000,30.000,27.273,33.333,3.000,0,,,,3.000,0,,,,9.000,0,,,,1.000,0,,,,1.000,0,,,,0.220,0.220,0.220,0.220,,,,,,,1,0
'2017-01-30 22:56:00',0,0,0,47308154.000,30.000,30.000,27.273,33.333,3.000,0,,,,3.000,0,,,,9.000,0,,,,1.000,0,,,,1.000,0,,,,0.220,0.220,0.220,0.220,,,,,,,0,0
'2017-01-30 22:57:00',0,0,0,47308186.000,32.000,30.000,30.000,33.333,3.000,0,,,,3.000,0,,,,9.000,0,,,,1.000,0,,,,1.000,0,,,,0.220,0.220,0.220,0.220,,,,,,,1,0
'2017-01-30 22:58:00',0,0,0,47308217.000,31.000,30.000,30.000,33.333,3.000,0,,,,3.000,0,,,,9.000,0,,,,1.000,0,,,,1.000,0,,,,0.220,0.220,0.220,0.220,,,,,,,1,0
'2017-01-30 22:59:00',0,0,0,47308247.000,30.000,30.000,30.000,33.333,3.000,0,,,,3.000,0,,,,9.000,0,,,,1.000,0,,,,1.000,0,,,,0.220,0.220,0.220,0.220,,,,,,,0,0
'2017-01-30 23:00:00',0,0,0,47308277.000,30.000,30.000,30.000,30.000,3.000,0,,,,3.000,0,,,,9.000,0,,,,1.000,0,,,,1.000,0,,,,0.220,0.220,0.220,0.220,,,,,,,0,0
'2017-01-30 23:01:00',0,0,0,47308307.000,30.000,30.000,27.273,33.333,3.000,0,,,,3.000,0,,,,9.000,0,,,,1.000,0,,,,1.000,0,,,,0.220,0.220,0.220,0.220,,,,,,,0,0
'2017-01-30 23:02:00',0,0,0,47308337.000,30.000,27.273,27.273,30.000,3.000,0,,,,3.000,0,,,,9.000,0,,,,1.000,0,,,,1.000,0,,,,0.220,0.220,0.220,0.220,,,,,,,1,0
'2017-01-30 23:03:00',0,0,0,47308366.000,29.000,27.273,27.273,30.000,3.000,0,,,,3.000,0,,,,9.000,0,,,,1.000,0,,,,1.000,0,,,,0.220,0.220,0.220,0.220,,,,,,,0,0
'2017-01-30 23:04:00',0,0,0,47308396.000,30.000,30.000,27.273,30.000,3.000,0,,,,3.000,0,,,,9.000,0,,,,1.000,0,,,,1.000,0,,,,0.220,0.220,0.220,0.220,,,,,,,0,0
'2017-01-30 23:05:00',0,0,0,47308426.000,30.000,30.000,27.273,30.000,3.000,0,,,,3.000,0,,,,9.000,0,,,,1.000,0,,,,1.000,0,,,,0.220,0.220,0.220,0.220,,,,,,,1,0
'2017-01-30 23:06:00',0,0,0,47308455.000,29.000,30.000,27.273,30.000,3.000,0,,,,3.000,0,,,,9.000,0,,,,1.000,0,,,,1.000,0,,,,0.220,0.220,0.220,0.220,,,,,,,1,0
'2017-01-30 23:07:00',0,0,0,47308484.000,29.000,30.000,27.273,30.000,3.000,0,,,,3.000,0,,,,9.000,0,,,,1.000,0,,,,1.000,0,,,,0.220,0.220,0.220,0.220,,,,,,,1,0
'2017-01-30 23:08:00',0,0,0,47308513.000,29.000,30.000,27.273,30.000,3.000,0,,,,3.000,0,,,,9.000,0,,,,1.000,0,,,,1.000,0,,,,0.220,0.220,0.220,0.220,,,,,,,0,0
'2017-01-30 23:09:00',0,0,0,47308543.000,30.000,30.000,30.000,30.000,3.000,0,,,,3.000,0,,,,9.000,0,,,,1.000,0,,,,1.000,0,,,,0.220,0.220,0.220,0.220,,,,,,,0,0
'2017-01-30 23:10:00',0,0,0,47308573.000,30.000,30.000,27.273,30.000,3.000,0,,,,3.000,0,,,,9.000,0,,,,1.000,0,,,,1.000,0,,,,0.220,0.220,0.220,0.220,,,,,,,1,0
'2017-01-30 23:11:00',0,0,0,47308602.000,29.000,30.000,27.273,30.000,3.000,0,,,,3.000,0,,,,9.000,0,,,,1.000,0,,,,1.000,0,,,,0.220,0.220,0.220,0.220,,,,,,,0,0
'2017-01-30 23:12:00',0,0,0,47308632.000,30.000,30.000,30.000,30.000,3.000,0,,,,3.000,0,,,,9.000,0,,,,1.000,0,,,,1.000,0,,,,0.220,0.220,0.220,0.220,,,,,,,0,0
'2017-01-30 23:13:00',0,0,0,47308662.000,30.000,30.000,30.000,30.000,3.000,0,,,,3.000,0,,,,9.000,0,,,,1.000,0,,,,1.000,0,,,,0.220,0.220,0.220,0.220,,,,,,,0,0
'2017-01-30 23:14:00',0,0,0,47308692.000,30.000,30.000,30.000,30.000,3.000,0,,,,3.000,0,,,,9.000,0,,,,1.000,0,,,,1.000,0,,,,0.220,0.220,0.220,0.220,,,,,,,0,0
'2017-01-30 23:15:00',0,0,0,47308722.000,30.000,30.000,30.000,30.000,3.000,0,,,,3.000,0,,,,9.000,0,,,,1.000,0,,,,1.000,0,,,,0.220,0.220,0.220,0.220,,,,,,,0,0
'2017-01-30 23:16:00',0,0,0,47308753.000,31.000,30.000,30.000,33.333,3.000,0,,,,3.000,0,,,,9.000,0,,,,1.000,0,,,,1.000,0,,,,0.220,0.220,0.220,0.220,,,,,,,1,0
'2017-01-30 23:17:00',0,0,0,47308783.000,30.000,30.000,30.000,30.000,3.000,0,,,,3.000,0,,,,9.000,0,,,,1.000,0,,,,1.000,0,,,,0.220,0.220,0.220,0.220,,,,,,,1,0
'2017-01-30 23:18:00',0,0,0,47308812.000,29.000,30.000,27.273,30.000,3.000,0,,,,3.000,0,,,,9.000,0,,,,1.000,0,,,,1.000,0,,,,0.220,0.220,0.220,0.220,,,,,,,0,0
'2017-01-30 23:19:00',0,0,0,47308842.000,30.000,30.000,30.000,30.000,3.000,0,,,,3.000,0,,,,9.000,0,,,,1.000,0,,,,1.000,0,,,,0.220,0.220,0.220,0.220,,,,,,,0,0
'2017-01-30 23:20:00',0,0,0,47308873.000,31.000,30.000,30.000,33.333,3.000,0,,,,3.000,0,,,,9.000,0,,,,1.000,0,,,,1.000,0,,,,0.220,0.220,0.220,0.220,,,,,,,0,0
'2017-01-30 23:21:00',0,0,0,47308904.000,31.000,30.000,30.000,33.333,3.000,0,,,,3.000,0,,,,9.000,0,,,,1.000,0,,,,1.000,0,,,,0.220,0.220,0.220,0.220,,,,,,,1,0
'2017-01-30 23:22:00',0,0,0,47308934.000,30.000,30.000,30.000,30.000,3.000,0,,,,3.000,0,,,,9.000,0,,,,1.000,0,,,,1.000,0,,,,0.220,0.220,0.220,0.220,,,,,,,1,0
'2017-01-30 23:23:00',0,0,0,47308964.000,30.000,33.333,30.000,33.333,3.000,0,,,,3.000,0,,,,9.000,0,,,,1.000,0,,,,1.000,0,,,,0.220,0.220,0.220,0.220,,,,,,,0,0
'2017-01-30 23:24:00',0,0,0,47308995.000,31.000,30.000,30.000,33.333,3.000,0,,,,3.000,0,,,,9.000,0,,,,1.000,0,,,,1.000,0,,,,0.220,0.220,0.220,0.220,,,,,,,0,0
'2017-01-30 23:25:00',0,0,0,47309027.000,32.000,30.000,30.000,33.333,3.000,0,,,,3.000,0,,,,9.000,0,,,,1.000,0,,,,1.000,0,,,,0.220,0.220,0.220,0.220,,,,,,,1,0
'2017-01-30 23:26:00',0,0,0,47309057.000,30.000,30.000,27.273,33.333,3.000,0,,,,3.000,0,,,,9.000,0,,,,1.000,0,,,,1.000,0,,,,0.220,0.220,0.220,0.220,,,,,,,0,0
'2017-01-30 23:27:00',0,0,0,47309088.000,31.000,33.333,27.273,33.333,3.000,0,,,,3.000,0,,,,9.000,0,,,,1.000,0,,,,1.000,0,,,,0.220,0.220,0.220,0.220,,,,,,,1,0
'2017-01-30 23:28:00',0,0,0,47309119.000,31.000,30.000,30.000,33.333,3.000,0,,,,3.000,0,,,,9.000,0,,,,1.000,0,,,,1.000,0,,,,0.220,0.220,0.220,0.220,,,,,,,1,0
'2017-01-30 23:29:00',0,0,0,47309151.000,32.000,30.000,30.000,33.333,3.000,0,,,,3.000,0,,,,9.000,0,,,,1.000,0,,,,1.000,0,,,,0.220,0.220,0.220,0.220,,,,,,,1,0
'2017-01-30 23:30:00',0,0,0,47309181.000,30.000,30.000,30.000,33.333,3.000,0,,,,3.000,0,,,,9.000,0,,,,1.000,0,,,,1.000,0,,,,0.220,0.220,0.220,0.220,,,,,,,0,0
'2017-01-30 23:31:00',0,0,0,47309211.000,30.000,30.000,30.000,30.000,3.000,0,,,,3.000,0,,,,9.000,0,,,,1.000,0,,,,1.000,0,,,,0.220,0.220,0.220,0.220,,,,,,,0,0
'2017-01-30 23:32:00',0,0,0,47309242.000,31.000,30.000,30.000,33.333,3.000,0,,,,3.000,0,,,,9.000,0,,,,1.000,0,,,,1.000,0,,,,0.220,0.220,0.220,0.220,,,,,,,1,0
'2017-01-30 23:33:00',0,0,0,47309273.000,31.000,30.000,30.000,33.333,3.000,0,,,,3.000,0,,,,9.000,0,,,,1.000,0,,,,1.000,0,,,,0.220,0.220,0.220,0.220,,,,,,,1,0
'2017-01-30 23:34:00',0,0,0,47309303.000,30.000,30.000,27.273,33.333,3.000,0,,,,3.000,0,,,,9.000,0,,,,1.000,0,,,,1.000,0,,,,0.220,0.220,0.220,0.220,,,,,,,0,0
'2017-01-30 23:35:00',0,0,0,47309333.000,30.000,30.000,27.273,33.333,3.000,0,,,,3.000,0,,,,9.000,0,,,,1.000,0,,,,1.000,0,,,,0.220,0.220,0.220,0.220,,,,,,,0,0
'2017-01-30 23:36:00',0,0,0,47309363.000,30.000,30.000,27.273,30.000,3.000,0,,,,3.000,0,,,,9.000,0,,,,1.000,0,,,,1.000,0,,,,0.220,0.220,0.220,0.220,,,,,,,1,0
'2017-01-30 23:37:00',0,0,0,47309393.000,30.000,30.000,30.000,30.000,3.000,0,,,,3.000,0,,,,9.000,0,,,,1.000,0,,,,1.000,0,,,,0.220,0.220,0.220,0.220,,,,,,,1,0
'2017-01-30 23:38:00',0,0,0,47309422.000,29.000,27.273,27.273,30.000,3.000,0,,,,3.000,0,,,,9.000,0,,,,1.000,0,,,,1.000,0,,,,0.220,0.220,0.220,0.220,,,,,,,1,0
'2017-01-30 23:39:00',0,0,0,47309450.000,28.000,27.273,27.273,30.000,3.000,0,,,,3.000,0,,,,9.000,0,,,,1.000,0,,,,1.000,0,,,,0.220,0.220,0.220,0.220,,,,,,,1,0
'2017-01-30 23:40:00',0,0,0,47309478.000,28.000,27.273,27.273,30.000,3.000,0,,,,3.000,0,,,,9.000,0,,,,1.000,0,,,,1.000,0,,,,0.220,0.220,0.220,0.220,,,,,,,1,0
'2017-01-30 23:41:00',0,0,0,47309507.000,29.000,30.000,27.273,30.000,3.000,0,,,,3.000,0,,,,9.000,0,,,,1.000,0,,,,1.000,0,,,,0.220,0.220,0.220,0.220,,,,,,,1,0
'2017-01-30 23:42:00',0,0,0,47309536.000,29.000,27.273,27.273,33.333,3.000,0,,,,3.000,0,,,,9.000,0,,,,1.000,0,,,,1.000,0,,,,0.220,0.220,0.220,0.220,,,,,,,0,0
'2017-01-30 23:43:00',0,0,0,47309566.000,30.000,30.000,27.273,30.000,3.000,0,,,,3.000,0,,,,9.000,0,,,,1.000,0,,,,1.000,0,,,,0.220,0.220,0.220,0.220,,,,,,,1,0
'2017-01-30 23:44:00',0,0,0,47309596.000,30.000,30.000,27.273,33.333,3.000,0,,,,3.000,0,,,,9.000,0,,,,1.000,0,,,,1.000,0,,,,0.220,0.220,0.220,0.220,,,,,,,1,0
'2017-01-30 23:45:00',0,0,0,47309626.000,30.000,30.000,30.000,30.000,3.000,0,,,,3.000,0,,,,9.000,0,,,,1.000,0,,,,1.000,0,,,,0.220,0.220,0.220,0.220,,,,,,,1,0
'2017-01-30 23:46:00',0,0,0,47309656.000,30.000,30.000,30.000,30.000,3.000,0,,,,3.000,0,,,,9.000,0,,,,1.000,0,,,,1.000,0,,,,0.220,0.220,0.220,0.220,,,,,,,1,0
'2017-01-30 23:47:00',0,0,0,47309686.000,30.000,30.000,30.000,30.000,3.000,0,,,,3.000,0,,,,9.000,0,,,,1.000,0,,,,1.000,0,,,,0.220,0.220,0.220,0.220,,,,,,,1,0
'2017-01-30 23:48:00',0,0,0,47309716.000,30.000,30.000,30.000,33.333,3.000,0,,,,3.000,0,,,,9.000,0,,,,1.000,0,,,,1.000,0,,,,0.220,0.220,0.220,0.220,,,,,,,0,0
'2017-01-30 23:49:00',0,0,0,47309748.000,32.000,30.000,30.000,33.333,3.000,0,,,,3.000,0,,,,9.000,0,,,,1.000,0,,,,1.000,0,,,,0.220,0.220,0.220,0.220,,,,,,,1,0
'2017-01-30 23:50:00',0,0,0,47309779.000,31.000,30.000,30.000,33.333,3.000,0,,,,3.000,0,,,,9.000,0,,,,1.000,0,,,,1.000,0,,,,0.220,0.220,0.220,0.220,,,,,,,0,0
'2017-01-30 23:51:00',0,0,0,47309810.000,31.000,33.333,30.000,33.333,3.000,0,,,,3.000,0,,,,9.000,0,,,,1.000,0,,,,1.000,0,,,,0.220,0.220,0.220,0.220,,,,,,,0,0
'2017-01-30 23:52:00',0,0,0,47309841.000,31.000,30.000,30.000,33.333,3.000,0,,,,3.000,0,,,,9.000,0,,,,1.000,0,,,,1.000,0,,,,0.220,0.220,0.220,0.220,,,,,,,1,0
'2017-01-30 23:53:00',0,0,0,47309872.000,31.000,30.000,30.000,33.333,3.000,0,,,,3.000,0,,,,9.000,0,,,,1.000,0,,,,1.000,0,,,,0.220,0.220,0.220,0.220,,,,,,,1,0
'2017-01-30 23:54:00',0,0,0,47309903.000,31.000,30.000,27.273,33.333,3.000,0,,,,3.000,0,,,,9.000,0,,,,1.000,0,,,,1.000,0,,,,0.220,0.220,0.220,0.220,,,,,,,1,0
'2017-01-30 23:55:00',0,0,0,47309932.000,29.000,27.273,27.273,33.333,3.000,0,,,,3.000,0,,,,9.000,0,,,,1.000,0,,,,1.000,0,,,,0.220,0.220,0.220,0.220,,,,,,,1,0
'2017-01-30 23:56:00',0,0,0,47309961.000,29.000,30.000,27.273,30.000,3.000,0,,,,3.000,0,,,,9.000,0,,,,1.000,0,,,,1.000,0,,,,0.220,0.220,0.220,0.220,,,,,,,1,0
'2017-01-30 23:57:00',0,0,0,47309991.000,30.000,30.000,30.000,30.000,3.000,0,,,,3.000,0,,,,9.000,0,,,,1.000,0,,,,1.000,0,,,,0.220,0.220,0.220,0.220,,,,,,,1,0
'2017-01-30 23:58:00',0,0,0,47310021.000,30.000,30.000,30.000,30.000,3.000,0,,,,3.000,0,,,,9.000,0,,,,1.000,0,,,,1.000,0,,,,0.220,0.220,0.220,0.220,,,,,,,1,0
'2017-01-30 23:59:00',0,0,0,47310049.000,28.000,30.000,27.273,30.000,3.000,0,,,,3.000,0,,,,9.000,0,,,,1.000,0,,,,1.000,0,,,,0.220,0.220,0.220,0.220,,,,,,,0,0
'2017-01-31 00:00:00',0,0,0,47310077.000,28.000,27.273,27.273,30.000,3.000,0,,,,3.000,0,,,,9.000,0,,,,1.000,0,,,,1.000,0,,,,0.220,0.220,0.220,0.220,,,,,,,1,0
'2017-01-31 00:01:00',0,0,0,47310105.000,28.000,27.273,27.273,30.000,3.000,0,,,,3.000,0,,,,9.000,0,,,,1.000,0,,,,1.000,0,,,,0.220,0.220,0.220,0.220,,,,,,,0,0
'2017-01-31 00:02:00',0,0,0,47310134.000,29.000,30.000,27.273,33.333,3.000,0,,,,3.000,0,,,,9.000,0,,,,1.000,0,,,,1.000,0,,,,0.220,0.220,0.220,0.220,,,,,,,1,0
'2017-01-31 00:03:00',0,0,0,47310162.000,28.000,27.273,27.273,30.000,3.000,0,,,,3.000,0,,,,9.000,0,,,,1.000,0,,,,1.000,0,,,,0.220,0.220,0.220,0.220,,,,,,,1,0
'2017-01-31 00:04:00',0,0,0,47310190.000,28.000,30.000,27.273,30.000,3.000,0,,,,3.000,0,,,,9.000,0,,,,1.000,0,,,,1.000,0,,,,0.220,0.220,0.220,0.220,,,,,,,0,0
'2017-01-31 00:05:00',0,0,0,47310219.000,29.000,27.273,27.273,30.000,3.000,0,,,,3.000,0,,,,9.000,0,,,,1.000,0,,,,1.000,0,,,,0.220,0.220,0.220,0.220,,,,,,,0,0
'2017-01-31 00:06:00',0,0,0,47310249.000,30.000,30.000,27.273,30.000,3.000,0,,,,3.000,0,,,,9.000,0,,,,1.000,0,,,,1.000,0,,,,0.220,0.220,0.220,0.220,,,,,,,0,0
'2017-01-31 00:07:00',0,0,0,47310279.000,30.000,30.000,27.273,30.000,3.000,0,,,,3.000,0,,,,9.000,0,,,,1.000,0,,,,1.000,0,,,,0.220,0.220,0.220,0.220,,,,,,,1,0
'2017-01-31 00:08:00',0,0,0,47310308.000,29.000,30.000,27.273,30.000,3.000,0,,,,3.000,0,,,,9.000,0,,,,1.000,0,,,,1.000,0,,,,0.220,0.220,0.220,0.220,,,,,,,0,0
'2017-01-31 00:09:00',0,0,0,47310340.000,32.000,33.333,30.000,33.333,3.000,0,,,,3.000,0,,,,9.000,0,,,,1.000,0,,,,1.000,0,,,,0.220,0.220,0.220,0.220,,,,,,,1,0
'2017-01-31 00:10:00',0,0,0,47310372.000,32.000,33.333,30.000,33.333,3.000,0,,,,3.000,0,,,,9.000,0,,,,1.000,0,,,,1.000,0,,,,0.220,0.220,0.220,0.220,,,,,,,0,0
'2017-01-31 00:11:00',0,0,0,47310404.000,32.000,33.333,30.000,33.333,3.000,0,,,,3.000,0,,,,9.000,0,,,,1.000,0,,,,1.000,0,,,,0.220,0.220,0.220,0.220,,,,,,,0,0
'2017-01-31 00:12:00',0,0,0,47310435.000,31.000,30.000,30.000,33.333,3.000,0,,,,3.000,0,,,,9.000,0,,,,1.000,0,,,,1.000,0,,,,0.220,0.220,0.220,0.220,,,,,,,1,0
'2017-01-31 00:13:00',0,0,0,47310466.000,31.000,30.000,30.000,33.333,3.000,0,,,,3.000,0,,,,9.000,0,,,,1.000,0,,,,1.000,0,,,,0.220,0.220,0.220,0.220,,,,,,,0,0
'2017-01-31 00:14:00',0,0,0,47310498.000,32.000,33.333,30.000,33.333,3.000,0,,,,3.000,0,,,,9.000,0,,,,1.000,0,,,,1.000,0,,,,0.220,0.220,0.220,0.220,,,,,,,1,0
'2017-01-31 00:15:00',0,0,0,47310530.000,32.000,30.000,30.000,33.333,3.000,0,,,,3.000,0,,,,9.000,0,,,,1.000,0,,,,1.000,0,,,,0.220,0.220,0.220,0.220,,,,,,,1,0
'2017-01-31 00:16:00',0,0,0,47310562.000,32.000,33.333,30.000,33.333,3.000,0,,,,3.000,0,,,,9.000,0,,,,1.000,0,,,,1.000,0,,,,0.220,0.220,0.220,0.220,,,,,,,1,0
'2017-01-31 00:17:00',0,0,0,47310593.000,31.000,30.000,30.000,33.333,3.000,0,,,,3.000,0,,,,9.000,0,,,,1.000,0,,,,1.000,0,,,,0.220,0.220,0.220,0.220,,,,,,,0,0
'2017-01-31 00:18:00',0,0,0,47310625.000,32.000,33.333,30.000,33.333,3.000,0,,,,3.000,0,,,,9.000,0,,,,1.000,0,,,,1.000,0,,,,0.220,0.220,0.220,0.220,,,,,,,1,0
'2017-01-31 00:19:00',0,0,0,47310654.000,29.000,30.000,30.000,33.333,3.000,0,,,,3.000,0,,,,9.000,0,,,,1.000,0,,,,1.000,0,,,,0.220,0.220,0.220,0.220,,,,,,,0,0
'2017-01-31 00:20:00',0,0,0,47310685.000,31.000,30.000,30.000,33.333,3.000,0,,,,3.000,0,,,,9.000,0,,,,1.000,0,,,,1.000,0,,,,0.220,0.220,0.220,0.220,,,,,,,1,0
'2017-01-31 00:21:00',0,0,0,47310715.000,30.000,30.000,30.000,33.333,3.000,0,,,,3.000,0,,,,9.000,0,,,,1.000,0,,,,1.000,0,,,,0.220,0.220,0.220,0.220,,,,,,,0,0
'2017-01-31 00:22:00',0,0,0,47310746.000,31.000,30.000,30.000,30.000,3.000,0,,,,3.000,0,,,,9.000,0,,,,1.000,0,,,,1.000,0,,,,0.220,0.220,0.220,0.220,,,,,,,1,0
'2017-01-31 00:23:00',0,0,0,47310776.000,30.000,30.000,30.000,33.333,3.000,0,,,,3.000,0,,,,9.000,0,,,,1.000,0,,,,1.000,0,,,,0.220,0.220,0.220,0.220,,,,,,,1,0
'2017-01-31 00:24:00',0,0,0,47310806.000,30.000,30.000,27.273,33.333,3.000,0,,,,3.000,0,,,,9.000,0,,,,1.000,0,,,,1.000,0,,,,0.220,0.220,0.220,0.220,,,,,,,1,0
'2017-01-31 00:25:00',0,0,0,47310836.000,30.000,30.000,30.000,30.000,3.000,0,,,,3.000,0,,,,9.000,0,,,,1.000,0,,,,1.000,0,,,,0.220,0.220,0.220,0.220,,,,,,,1,0
'2017-01-31 00:26:00',0,0,0,47310865.000,29.000,30.000,27.273,30.000,3.000,0,,,,3.000,0,,,,9.000,0,,,,1.000,0,,,,1.000,0,,,,0.220,0.220,0.220,0.220,,,,,,,0,0
'2017-01-31 00:27:00',0,0,0,47310894.000,29.000,27.273,27.273,33.333,3.000,0,,,,3.000,0,,,,9.000,0,,,,1.000,0,,,,1.000,0,,,,0.220,0.220,0.220,0.220,,,,,,,0,0
'2017-01-31 00:28:00',0,0,0,47310922.000,28.000,27.273,27.273,30.000,3.000,0,,,,3.000,0,,,,9.000,0,,,,1.000,0,,,,1.000,0,,,,0.220,0.220,0.220,0.220,,,,,,,0,0
'2017-01-31 00:29:00',0,0,0,47310950.000,28.000,25.000,25.000,33.333,3.000,0,,,,3.000,0,,,,9.000,0,,,,1.000,0,,,,1.000,0,,,,0.220,0.220,0.220,0.220,,,,,,,1,0
'2017-01-31 00:30:00',0,0,0,47310976.000,26.000,27.273,23.077,30.000,3.000,0,,,,3.000,0,,,,9.000,0,,,,1.000,0,,,,1.000,0,,,,0.220,0.220,0.220,0.220,,,,,,,0,0
'2017-01-31 00:31:00',0,0,0,47311003.000,27.000,27.273,25.000,27.273,3.000,0,,,,3.000,0,,,,9.000,0,,,,1.000,0,,,,1.000,0,,,,0.220,0.220,0.220,0.220,,,,,,,1,0
'2017-01-31 00:32:00',0,0,0,47311029.000,26.000,27.273,25.000,30.000,3.000,0,,,,3.000,0,,,,9.000,0,,,,1.000,0,,,,1.000,0,,,,0.220,0.220,0.220,0.220,,,,,,,0,0
'2017-01-31 00:33:00',0,0,0,47311056.000,27.000,27.273,25.000,27.273,3.000,0,,,,3.000,0,,,,9.000,0,,,,1.000,0,,,,1.000,0,,,,0.220,0.220,0.220,0.220,,,,,,,1,0
'2017-01-31 00:34:00',0,0,0,47311082.000,26.000,27.273,25.000,27.273,3.000,0,,,,3.000,0,,,,9.000,0,,,,1.000,0,,,,1.000,0,,,,0.220,0.220,0.220,0.220,,,,,,,1,0
'2017-01-31 00:35:00',0,0,0,47311108.000,26.000,27.273,25.000,27.273,3.000,0,,,,3.000,0,,,,9.000,0,,,,1.000,0,,,,1.000,0,,,,0.220,0.220,0.220,0.220,,,,,,,0,0
'2017-01-31 00:36:00',0,0,0,47311135.000,27.000,27.273,25.000,30.000,3.000,0,,,,3.000,0,,,,9.000,0,,,,1.000,0,,,,1.000,0,,,,0.220,0.220,0.220,0.220,,,,,,,0,0
'2017-01-31 00:37:00',0,0,0,47311163.000,28.000,30.000,25.000,30.000,3.000,0,,,,3.000,0,,,,9.000,0,,,,1.000,0,,,,1.000,0,,,,0.220,0.220,0.220,0.220,,,,,,,1,0
'2017-01-31 00:38:00',0,0,0,47311190.000,27.000,27.273,25.000,27.273,3.000,0,,,,3.000,0,,,,9.000,0,,,,1.000,0,,,,1.000,0,,,,0.220,0.220,0.220,0.220,,,,,,,0,0
'2017-01-31 00:39:00',0,0,0,47311218.000,28.000,27.273,27.273,30.000,3.000,0,,,,3.000,0,,,,9.000,0,,,,1.000,0,,,,1.000,0,,,,0.220,0.220,0.220,0.220,,,,,,,1,0
'2017-01-31 00:40:00',0,0,0,47311246.000,28.000,27.273,27.273,30.000,3.000,0,,,,3.000,0,,,,9.000,0,,,,1.000,0,,,,1.000,0,,,,0.220,0.220,0.220,0.220,,,,,,,0,0
'2017-01-31 00:41:00',0,0,0,47311274.000,28.000,30.000,27.273,30.000,3.000,0,,,,3.000,0,,,,9.000,0,,,,1.000,0,,,,1.000,0,,,,0.220,0.220,0.220,0.220,,,,,,,0,0
'2017-01-31 00:42:00',0,0,0,47311303.000,29.000,27.273,27.273,30.000,3.000,0,,,,3.000,0,,,,9.000,0,,,,1.000,0,,,,1.000,0,,,,0.220,0.220,0.220,0.220,,,,,,,1,0
'2017-01-31 00:43:00',0,0,0,47311331.000,28.000,27.273,27.273,30.000,3.000,0,,,,3.000,0,,,,9.000,0,,,,1.000,0,,,,1.000,0,,,,0.220,0.220,0.220,0.220,,,,,,,1,0
'2017-01-31 00:44:00',0,0,0,47311359.000,28.000,27.273,27.273,30.000,3.000,0,,,,3.000,0,,,,9.000,0,,,,1.000,0,,,,1.000,0,,,,0.220,0.220,0.220,0.220,,,,,,,1,0
'2017-01-31 00:45:00',0,0,0,47311386.000,27.000,27.273,25.000,30.000,3.000,0,,,,3.000,0,,,,9.000,0,,,,1.000,0,,,,1.000,0,,,,0.220,0.220,0.220,0.220,,,,,,,1,0
'2017-01-31 00:46:00',0,0,0,47311413.000,27.000,27.273,25.000,27.273,3.000,0,,,,3.000,0,,,,9.000,0,,,,1.000,0,,,,1.000,0,,,,0.220,0.220,0.220,0.220,,,,,,,1,0
'2017-01-31 00:47:00',0,0,0,47311441.000,28.000,30.000,27.273,30.000,3.000,0,,,,3.000,0,,,,9.000,0,,,,1.000,0,,,,1.000,0,,,,0.220,0.220,0.220,0.220,,,,,,,0,0
'2017-01-31 00:48:00',0,0,0,47311470.000,29.000,27.273,27.273,30.000,3.000,0,,,,3.000,0,,,,9.000,0,,,,1.000,0,,,,1.000,0,,,,0.220,0.220,0.220,0.220,,,,,,,1,0
'2017-01-31 00:49:00',0,0,0,47311498.000,28.000,27.273,27.273,30.000,3.000,0,,,,3.000,0,,,,9.000,0,,,,1.000,0,,,,1.000,0,,,,0.220,0.220,0.220,0.220,,,,,,,0,0
'2017-01-31 00:50:00',0,0,0,47311526.000,28.000,27.273,27.273,30.000,3.000,0,,,,3.000,0,,,,9.000,0,,,,1.000,0,,,,1.000,0,,,,0.220,0.220,0.220,0.220,,,,,,,0,0
'2017-01-31 00:51:00',0,0,0,47311554.000,28.000,27.273,25.000,30.000,3.000,0,,,,3.000,0,,,,9.000,0,,,,1.000,0,,,,1.000,0,,,,0.220,0.220,0.220,0.220,,,,,,,0,0
'2017-01-31 00:52:00',0,0,0,47311582.000,28.000,27.273,27.273,30.000,3.000,0,,,,3.000,0,,,,9.000,0,,,,1.000,0,,,,1.000,0,,,,0.220,0.220,0.220,0.220,,,,,,,1,0
'2017-01-31 00:53:00',0,0,0,47311609.000,27.000,27.273,25.000,27.273,3.000,0,,,,3.000,0,,,,9.000,0,,,,1.000,0,,,,1.000,0,,,,0.220,0.220,0.220,0.220,,,,,,,0,0
'2017-01-31 00:54:00',0,0,0,47311637.000,28.000,27.273,27.273,30.000,3.000,0,,,,3.000,0,,,,9.000,0,,,,1.000,0,,,,1.000,0,,,,0.220,0.220,0.220,0.220,,,,,,,1,0
'2017-01-31 00:55:00',0,0,0,47311665.000,28.000,30.000,27.273,30.000,3.000,0,,,,3.000,0,,,,9.000,0,,,,1.000,0,,,,1.000,0,,,,0.220,0.220,0.220,0.220,,,,,,,0,0
'2017-01-31 00:56:00',0,0,0,47311694.000,29.000,30.000,27.273,30.000,3.000,0,,,,3.000,0,,,,9.000,0,,,,1.000,0,,,,1.000,0,,,,0.220,0.220,0.220,0.220,,,,,,,1,0
'2017-01-31 00:57:00',0,0,0,47311723.000,29.000,30.000,27.273,30.000,3.000,0,,,,3.000,0,,,,9.000,0,,,,1.000,0,,,,1.000,0,,,,0.220,0.220,0.220,0.220,,,,,,,1,0
'2017-01-31 00:58:00',0,0,0,47311752.000,29.000,30.000,27.273,30.000,3.000,0,,,,3.000,0,,,,9.000,0,,,,1.000,0,,,,1.000,0,,,,0.220,0.220,0.220,0.220,,,,,,,1,0
'2017-01-31 00:59:00',0,0,0,47311781.000,29.000,30.000,27.273,30.000,3.000,0,,,,3.000,0,,,,9.000,0,,,,1.000,0,,,,1.000,0,,,,0.220,0.220,0.220,0.220,,,,,,,1,0
'2017-01-31 01:00:00',0,0,0,47311810.000,29.000,27.273,27.273,30.000,3.000,0,,,,3.000,0,,,,9.000,0,,,,1.000,0,,,,1.000,0,,,,0.220,0.220,0.220,0.220,,,,,,,1,0
'2017-01-31 01:01:00',0,0,0,47311839.000,29.000,30.000,27.273,30.000,3.000,0,,,,3.000,0,,,,9.000,0,,,,1.000,0,,,,1.000,0,,,,0.220,0.220,0.220,0.220,,,,,,,0,0
'2017-01-31 01:02:00',0,0,0,47311871.000,32.000,33.333,30.000,33.333,3.000,0,,,,3.000,0,,,,9.000,0,,,,1.000,0,,,,1.000,0,,,,0.220,0.220,0.220,0.220,,,,,,,0,0
'2017-01-31 01:03:00',0,0,0,47311902.000,31.000,30.000,30.000,33.333,3.000,0,,,,3.000,0,,,,9.000,0,,,,1.000,0,,,,1.000,0,,,,0.220,0.220,0.220,0.220,,,,,,,1,0
'2017-01-31 01:04:00',0,0,0,47311931.000,29.000,30.000,27.273,30.000,3.000,0,,,,3.000,0,,,,9.000,0,,,,1.000,0,,,,1.000,0,,,,0.220,0.220,0.220,0.220,,,,,,,1,0
'2017-01-31 01:05:00',0,0,0,47311960.000,29.000,30.000,27.273,33.333,3.000,0,,,,3.000,0,,,,9.000,0,,,,1.000,0,,,,1.000,0,,,,0.220,0.220,0.220,0.220,,,,,,,0,0
'2017-01-31 01:06:00',0,0,0,47311988.000,28.000,27.273,27.273,30.000,3.000,0,,,,3.000,0,,,,9.000,0,,,,1.000,0,,,,1.000,0,,,,0.220,0.220,0.220,0.220,,,,,,,0,0
'2017-01-31 01:07:00',0,0,0,47312016.000,28.000,27.273,25.000,30.000,3.000,0,,,,3.000,0,,,,9.000,0,,,,1.000,0,,,,1.000,0,,,,0.220,0.220,0.220,0.220,,,,,,,0,0
'2017-01-31 01:08:00',0,0,0,47312044.000,28.000,27.273,25.000,30.000,3.000,0,,,,3.000,0,,,,9.000,0,,,,1.000,0,,,,1.000,0,,,,0.220,0.220,0.220,0.220,,,,,,,1,0
'2017-01-31 01:09:00',0,0,0,47312070.000,26.000,25.000,23.077,30.000,3.000,0,,,,3.000,0,,,,9.000,0,,,,1.000,0,,,,1.000,0,,,,0.220,0.220,0.220,0.220,,,,,,,1,0
'2017-01-31 01:10:00',0,0,0,47312095.000,25.000,25.000,23.077,27.273,3.000,0,,,,3.000,0,,,,9.000,0,,,,1.000,0,,,,1.000,0,,,,0.220,0.220,0.220,0.220,,,,,,,0,0
'2017-01-31 01:11:00',0,0,0,47312120.000,25.000,25.000,25.000,27.273,3.000,0,,,,3.000,0,,,,9.000,0,,,,1.000,0,,,,1.000,0,,,,0.220,0.220,0.220,0.220,,,,,,,0,0
'2017-01-31 01:12:00',0,0,0,47312146.000,26.000,27.273,25.000,27.273,3.000,0,,,,3.000,0,,,,9.000,0,,,,1.000,0,,,,1.000,0,,,,0.220,0.220,0.220,0.220,,,,,,,1,0
'2017-01-31 01:13:00',0,0,0,47312172.000,26.000,25.000,25.000,27.273,3.000,0,,,,3.000,0,,,,9.000,0,,,,1.000,0,,,,1.000,0,,,,0.220,0.220,0.220,0.220,,,,,,,0,0
'2017-01-31 01:14:00',0,0,0,47312199.000,27.000,27.273,25.000,30.000,3.000,0,,,,3.000,0,,,,9.000,0,,,,1.000,0,,,,1.000,0,,,,0.220,0.220,0.220,0.220,,,,,,,1,0
'2017-01-31 01:15:00',0,0,0,47312225.000,26.000,25.000,25.000,27.273,3.000,0,,,,3.000,0,,,,9.000,0,,,,1.000,0,,,,1.000,0,,,,0.220,0.220,0.220,0.220,,,,,,,1,0
'2017-01-31 01:16:00',0,0,0,47312251.000,26.000,25.000,25.000,27.273,3.000,0,,,,3.000,0,,,,9.000,0,,,,1.000,0,,,,1.000,0,,,,0.220,0.220,0.220,0.220,,,,,,,0,0
'2017-01-31 01:17:00',0,0,0,47312279.000,28.000,30.000,25.000,30.000,3.000,0,,,,3.000,0,,,,9.000,0,,,,1.000,0,,,,1.000,0,,,,0.220,0.220,0.220,0.220,,,,,,,1,0
'2017-01-31 01:18:00',0,0,0,47312306.000,27.000,27.273,27.273,30.000,3.000,0,,,,3.000,0,,,,9.000,0,,,,1.000,0,,,,1.000,0,,,,0.220,0.220,0.220,0.220,,,,,,,0,0
'2017-01-31 01:19:00',0,0,0,47312334.000,28.000,27.273,27.273,30.000,3.000,0,,,,3.000,0,,,,9.000,0,,,,1.000,0,,,,1.000,0,,,,0.220,0.220,0.220,0.220,,,,,,,1,0
'2017-01-31 01:20:00',0,0,0,47312361.000,27.000,27.273,25.000,27.273,3.000,0,,,,3.000,0,,,,9.000,0,,,,1.000,0,,,,1.000,0,,,,0.220,0.220,0.220,0.220,,,,,,,1,0
'2017-01-31 01:21:00',0,0,0,47312388.000,27.000,27.273,25.000,30.000,3.000,0,,,,3.000,0,,,,9.000,0,,,,1.000,0,,,,1.000,0,,,,0.220,0.220,0.220,0.220,,,,,,,0,0
'2017-01-31 01:22:00',0,0,0,47312415.000,27.000,27.273,25.000,27.273,3.000,0,,,,3.000,0,,,,9.000,0,,,,1.000,0,,,,1.000,0,,,,0.220,0.220,0.220,0.220,,,,,,,1,0
'2017-01-31 01:23:00',0,0,0,47312441.000,26.000,27.273,25.000,27.273,3.000,0,,,,3.000,0,,,,9.000,0,,,,1.000,0,,,,1.000,0,,,,0.220,0.220,0.220,0.220,,,,,,,0,0
'2017-01-31 01:24:00',0,0,0,47312468.000,27.000,25.000,25.000,30.000,3.000,0,,,,3.000,0,,,,9.000,0,,,,1.000,0,,,,1.000,0,,,,0.220,0.220,0.220,0.220,,,,,,,0,0
'2017-01-31 01:25:00',0,0,0,47312495.000,27.000,27.273,25.000,30.000,3.000,0,,,,3.000,0,,,,9.000,0,,,,1.000,0,,,,1.000,0,,,,0.220,0.220,0.220,0.220,,,,,,,0,0
'2017-01-31 01:26:00',0,0,0,47312522.000,27.000,27.273,25.000,30.000,3.000,0,,,,3.000,0,,,,9.000,0,,,,1.000,0,,,,1.000,0,,,,0.220,0.220,0.220,0.220,,,,,,,0,0
'2017-01-31 01:27:00',0,0,0,47312550.000,28.000,27.273,25.000,27.273,3.000,0,,,,3.000,0,,,,9.000,0,,,,1.000,0,,,,1.000,0,,,,0.220,0.220,0.220,0.220,,,,,,,1,0
'2017-01-31 01:28:00',0,0,0,47312577.000,27.000,27.273,27.273,30.000,3.000,0,,,,3.000,0,,,,9.000,0,,,,1.000,0,,,,1.000,0,,,,0.220,0.220,0.220,0.220,,,,,,,0,0
'2017-01-31 01:29:00',0,0,0,47312605.000,28.000,27.273,27.273,30.000,3.000,0,,,,3.000,0,,,,9.000,0,,,,1.000,0,,,,1.000,0,,,,0.220,0.220,0.220,0.220,,,,,,,1,0
'2017-01-31 01:30:00',0,0,0,47312633.000,28.000,27.273,27.273,30.000,3.000,0,,,,3.000,0,,,,9.000,0,,,,1.000,0,,,,1.000,0,,,,0.220,0.220,0.220,0.220,,,,,,,1,0
'2017-01-31 01:31:00',0,0,0,47312658.000,25.000,21.429,21.429,30.000,3.000,0,,,,3.000,0,,,,9.000,0,,,,1.000,0,,,,1.000,0,,,,0.220,0.220,0.220,0.220,,,,,,,1,0
'2017-01-31 01:32:00',0,0,0,47312675.000,17.000,15.789,15.789,21.429,3.000,0,,,,3.000,0,,,,9.000,0,,,,1.000,0,,,,1.000,0,,,,0.220,0.220,0.220,0.220,,,,,,,1,0
'2017-01-31 01:33:00',0,0,0,47312688.000,13.000,11.538,11.538,15.000,3.000,0,,,,3.000,0,,,,9.000,0,,,,1.000,0,,,,1.000,0,,,,0.220,0.220,0.220,0.220,,,,,,,1,0
'2017-01-31 01:34:00',0,0,0,47312699.000,11.000,11.111,11.111,11.538,3.000,0,,,,3.000,0,,,,9.000,0,,,,1.000,0,,,,1.000,0,,,,0.220,0.220,0.220,0.220,,,,,,,1,0
'2017-01-31 01:35:00',0,0,0,47312709.000,10.000,10.714,10.345,11.111,3.000,0,,,,3.000,0,,,,9.000,0,,,,1.000,0,,,,1.000,0,,,,0.220,0.220,0.220,0.220,,,,,,,0,0
'2017-01-31 01:36:00',0,0,0,47312720.000,11.000,10.345,10.345,10.714,3.000,0,,,,3.000,0,,,,9.000,0,,,,1.000,0,,,,1.000,0,,,,0.220,0.220,0.220,0.220,,,,,,,1,0
'2017-01-31 01:37:00',0,0,0,47312730.000,10.000,10.345,10.345,11.111,3.000,0,,,,3.000,0,,,,9.000,0,,,,1.000,0,,,,1.000,0,,,,0.220,0.220,0.220,0.220,,,,,,,0,0
'2017-01-31 01:38:00',0,0,0,47312741.000,11.000,10.000,10.000,10.714,3.000,0,,,,3.000,0,,,,9.000,0,,,,1.000,0,,,,1.000,0,,,,0.220,0.220,0.220,0.220,,,,,,,1,0
'2017-01-31 01:39:00',0,0,0,47312751.000,10.000,9.677,9.677,10.345,3.000,0,,,,3.000,0,,,,9.000,0,,,,1.000,0,,,,1.000,0,,,,0.220,0.220,0.220,0.220,,,,,,,1,0
'2017-01-31 01:40:00',0,0,0,47312761.000,10.000,10.345,9.677,10.345,3.000,0,,,,3.000,0,,,,9.000,0,,,,1.000,0,,,,1.000,0,,,,0.220,0.220,0.220,0.220,,,,,,,1,0
'2017-01-31 01:41:00',0,0,0,47312770.000,9.000,9.677,9.375,10.345,3.000,0,,,,3.000,0,,,,9.000,0,,,,1.000,0,,,,1.000,0,,,,0.220,0.220,0.220,0.220,,,,,,,0,0
'2017-01-31 01:42:00',0,0,0,47312780.000,10.000,9.375,9.375,9.677,3.000,0,,,,3.000,0,,,,9.000,0,,,,1.000,0,,,,1.000,0,,,,0.220,0.220,0.220,0.220,,,,,,,1,0
'2017-01-31 01:43:00',0,0,0,47312789.000,9.000,9.677,9.375,9.677,3.000,0,,,,3.000,0,,,,9.000,0,,,,1.000,0,,,,1.000,0,,,,0.220,0.220,0.220,0.220,,,,,,,0,0
'2017-01-31 01:44:00',0,0,0,47312799.000,10.000,10.345,9.375,10.714,3.000,0,,,,3.000,0,,,,9.000,0,,,,1.000,0,,,,1.000,0,,,,0.220,0.220,0.220,0.220,,,,,,,0,0
'2017-01-31 01:45:00',0,0,0,47312809.000,10.000,10.345,9.677,10.345,3.000,0,,,,3.000,0,,,,9.000,0,,,,1.000,0,,,,1.000,0,,,,0.220,0.220,0.220,0.220,,,,,,,0,0
'2017-01-31 01:46:00',0,0,0,47312819.000,10.000,9.677,9.677,10.345,3.000,0,,,,3.000,0,,,,9.000,0,,,,1.000,0,,,,1.000,0,,,,0.220,0.220,0.220,0.220,,,,,,,0,0
'2017-01-31 01:47:00',0,0,0,47312829.000,10.000,9.677,9.677,10.000,3.000,0,,,,3.000,0,,,,9.000,0,,,,1.000,0,,,,1.000,0,,,,0.220,0.220,0.220,0.220,,,,,,,1,0
'2017-01-31 01:48:00',0,0,0,47312839.000,10.000,9.677,9.677,10.345,3.000,0,,,,3.000,0,,,,9.000,0,,,,1.000,0,,,,1.000,0,,,,0.220,0.220,0.220,0.220,,,,,,,1,0
'2017-01-31 01:49:00',0,0,0,47312848.000,9.000,9.677,9.677,10.000,3.000,0,,,,3.000,0,,,,9.000,0,,,,1.000,0,,,,1.000,0,,,,0.220,0.220,0.220,0.220,,,,,,,0,0
'2017-01-31 01:50:00',0,0,0,47312858.000,10.000,10.000,9.375,10.345,3.000,0,,,,3.000,0,,,,9.000,0,,,,1.000,0,,,,1.000,0,,,,0.220,0.220,0.220,0.220,,,,,,,0,0
'2017-01-31 01:51:00',0,0,0,47312869.000,11.000,10.345,9.677,10.345,3.000,0,,,,3.000,0,,,,9.000,0,,,,1.000,0,,,,1.000,0,,,,0.220,0.220,0.220,0.220,,,,,,,1,0
'2017-01-31 01:52:00',0,0,0,47312878.000,9.000,9.677,9.677,10.714,3.000,0,,,,3.000,0,,,,9.000,0,,,,1.000,0,,,,1.000,0,,,,0.220,0.220,0.220,0.220,,,,,,,0,0
'2017-01-31 01:53:00',0,0,0,47312888.000,10.000,9.677,9.677,10.000,3.000,0,,,,3.000,0,,,,9.000,0,,,,1.000,0,,,,1.000,0,,,,0.220,0.220,0.220,0.220,,,,,,,0,0
'2017-01-31 01:54:00',0,0,0,47312898.000,10.000,10.000,9.677,10.000,3.000,0,,,,3.000,0,,,,9.000,0,,,,1.000,0,,,,1.000,0,,,,0.220,0.220,0.220,0.220,,,,,,,0,0
'2017-01-31 01:55:00',0,0,0,47312908.000,10.000,9.677,9.375,10.345,3.000,0,,,,3.000,0,,,,9.000,0,,,,1.000,0,,,,1.000,0,,,,0.220,0.220,0.220,0.220,,,,,,,1,0
'2017-01-31 01:56:00',0,0,0,47312917.000,9.000,9.677,9.375,9.677,3.000,0,,,,3.000,0,,,,9.000,0,,,,1.000,0,,,,1.000,0,,,,0.220,0.220,0.220,0.220,,,,,,,0,0
'2017-01-31 01:57:00',0,0,0,47312927.000,10.000,9.375,9.091,9.677,3.000,0,,,,3.000,0,,,,9.000,0,,,,1.000,0,,,,1.000,0,,,,0.220,0.220,0.220,0.220,,,,,,,1,0
'2017-01-31 01:58:00',0,0,0,47312936.000,9.000,9.091,9.091,9.375,3.000,0,,,,3.000,0,,,,9.000,0,,,,1.000,0,,,,1.000,0,,,,0.220,0.220,0.220,0.220,,,,,,,1,0
'2017-01-31 01:59:00',0,0,0,47312945.000,9.000,9.091,8.824,9.091,3.000,0,,,,3.000,0,,,,9.000,0,,,,1.000,0,,,,1.000,0,,,,0.220,0.220,0.220,0.220,,,,,,,1,0
'2017-01-31 02:00:00',0,0,0,47312954.000,9.000,9.091,8.824,9.091,3.000,0,,,,3.000,0,,,,9.000,0,,,,1.000,0,,,,1.000,0,,,,0.220,0.220,0.220,0.220,,,,,,,1,0
'2017-01-31 02:01:00',0,0,0,47312963.000,9.000,8.824,8.824,9.091,3.000,0,,,,3.000,0,,,,9.000,0,,,,1.000,0,,,,1.000,0,,,,0.220,0.220,0.220,0.220,,,,,,,1,0
'2017-01-31 02:02:00',0,0,0,47312972.000,9.000,9.091,8.824,9.091,3.000,0,,,,3.000,0,,,,9.000,0,,,,1.000,0,,,,1.000,0,,,,0.220,0.220,0.220,0.220,,,,,,,1,0
'2017-01-31 02:03:00',0,0,0,47312981.000,9.000,9.091,9.091,9.375,3.000,0,,,,3.000,0,,,,9.000,0,,,,1.000,0,,,,1.000,0,,,,0.220,0.220,0.220,0.220,,,,,,,1,0
'2017-01-31 02:04:00',0,0,0,47312990.000,9.000,9.091,9.091,9.375,3.000,0,,,,3.000,0,,,,9.000,0,,,,1.000,0,,,,1.000,0,,,,0.220,0.220,0.220,0.220,,,,,,,1,0
'2017-01-31 02:05:00',0,0,0,47312999.000,9.000,9.091,8.824,9.091,3.000,0,,,,3.000,0,,,,9.000,0,,,,1.000,0,,,,1.000,0,,,,0.220,0.220,0.220,0.220,,,,,,,1,0
'2017-01-31 02:06:00',0,0,0,47313008.000,9.000,9.677,9.091,9.677,3.000,0,,,,3.000,0,,,,9.000,0,,,,1.000,0,,,,1.000,0,,,,0.220,0.220,0.220,0.220,,,,,,,0,0
'2017-01-31 02:07:00',0,0,0,47313018.000,10.000,9.091,9.091,9.677,3.000,0,,,,3.000,0,,,,9.000,0,,,,1.000,0,,,,1.000,0,,,,0.220,0.220,0.220,0.220,,,,,,,1,0
'2017-01-31 02:08:00',0,0,0,47313027.000,9.000,9.091,9.091,9.375,3.000,0,,,,3.000,0,,,,9.000,0,,,,1.000,0,,,,1.000,0,,,,0.220,0.220,0.220,0.220,,,,,,,1,0
'2017-01-31 02:09:00',0,0,0,47313036.000,9.000,9.375,8.824,9.375,3.000,0,,,,3.000,0,,,,9.000,0,,,,1.000,0,,,,1.000,0,,,,0.220,0.220,0.220,0.220,,,,,,,0,0
'2017-01-31 02:10:00',0,0,0,47313045.000,9.000,9.091,9.091,10.000,3.000,0,,,,3.000,0,,,,9.000,0,,,,1.000,0,,,,1.000,0,,,,0.220,0.220,0.220,0.220,,,,,,,0,0
'2017-01-31 02:11:00',0,0,0,47313055.000,10.000,9.375,9.091,9.677,3.000,0,,,,3.000,0,,,,9.000,0,,,,1.000,0,,,,1.000,0,,,,0.220,0.220,0.220,0.220,,,,,,,1,0
'2017-01-31 02:12:00',0,0,0,47313064.000,9.000,9.375,9.375,10.000,3.000,0,,,,3.000,0,,,,9.000,0,,,,1.000,0,,,,1.000,0,,,,0.220,0.220,0.220,0.220,,,,,,,0,0
'2017-01-31 02:13:00',0,0,0,47313074.000,10.000,9.677,9.375,9.677,3.000,0,,,,3.000,0,,,,9.000,0,,,,1.000,0,,,,1.000,0,,,,0.220,0.220,0.220,0.220,,,,,,,0,0
'2017-01-31 02:14:00',0,0,0,47313084.000,10.000,9.677,9.375,9.677,3.000,0,,,,3.000,0,,,,9.000,0,,,,1.000,0,,,,1.000,0,,,,0.220,0.220,0.220,0.220,,,,,,,1,0
'2017-01-31 02:15:00',0,0,0,47313093.000,9.000,9.677,9.375,10.000,3.000,0,,,,3.000,0,,,,9.000,0,,,,1.000,0,,,,1.000,0,,,,0.220,0.220,0.220,0.220,,,,,,,0,0
'2017-01-31 02:16:00',0,0,0,47313103.000,10.000,9.375,9.375,10.000,3.000,0,,,,3.000,0,,,,9.000,0,,,,1.000,0,,,,1.000,0,,,,0.220,0.220,0.220,0.220,,,,,,,1,0
'2017-01-31 02:17:00',0,0,0,47313113.000,10.000,9.677,9.375,9.677,3.000,0,,,,3.000,0,,,,9.000,0,,,,1.000,0,,,,1.000,0,,,,0.220,0.220,0.220,0.220,,,,,,,1,0
'2017-01-31 02:18:00',0,0,0,47313122.000,9.000,9.375,9.375,9.677,3.000,0,,,,3.000,0,,,,9.000,0,,,,1.000,0,,,,1.000,0,,,,0.220,0.220,0.220,0.220,,,,,,,1,0
'2017-01-31 02:19:00',0,0,0,47313131.000,9.000,9.091,9.091,9.375,3.000,0,,,,3.000,0,,,,9.000,0,,,,1.000,0,,,,1.000,0,,,,0.220,0.220,0.220,0.220,,,,,,,0,0
'2017-01-31 02:20:00',0,0,0,47313141.000,10.000,9.375,9.091,10.000,3.000,0,,,,3.000,0,,,,9.000,0,,,,1.000,0,,,,1.000,0,,,,0.220,0.220,0.220,0.220,,,,,,,1,0
'2017-01-31 02:21:00',0,0,0,47313150.000,9.000,9.375,9.091,9.677,3.000,0,,,,3.000,0,,,,9.000,0,,,,1.000,0,,,,1.000,0,,,,0.220,0.220,0.220,0.220,,,,,,,0,0
'2017-01-31 02:22:00',0,0,0,47313159.000,9.000,9.091,9.091,9.375,3.000,0,,,,3.000,0,,,,9.000,0,,,,1.000,0,,,,1.000,0,,,,0.220,0.220,0.220,0.220,,,,,,,0,0
'2017-01-31 02:23:00',0,0,0,47313169.000,10.000,9.375,9.091,9.677,3.000,0,,,,3.000,0,,,,9.000,0,,,,1.000,0,,,,1.000,0,,,,0.220,0.220,0.220,0.220,,,,,,,0,0
'2017-01-31 02:24:00',0,0,0,47313178.000,9.000,9.375,9.091,9.677,3.000,0,,,,3.000,0,,,,9.000,0,,,,1.000,0,,,,1.000,0,,,,0.220,0.220,0.220,0.220,,,,,,,0,0
'2017-01-31 02:25:00',0,0,0,47313187.000,9.000,9.091,9.091,9.677,3.000,0,,,,3.000,0,,,,9.000,0,,,,1.000,0,,,,1.000,0,,,,0.220,0.220,0.220,0.220,,,,,,,0,0
'2017-01-31 02:26:00',0,0,0,47313196.000,9.000,8.571,8.571,9.091,3.000,0,,,,3.000,0,,,,9.000,0,,,,1.000,0,,,,1.000,0,,,,0.220,0.220,0.220,0.220,,,,,,,1,0
'2017-01-31 02:27:00',0,0,0,47313205.000,9.000,8.571,8.571,8.571,3.000,0,,,,3.000,0,,,,9.000,0,,,,1.000,0,,,,1.000,0,,,,0.220,0.220,0.220,0.220,,,,,,,1,0
'2017-01-31 02:28:00',0,0,0,47313213.000,8.000,8.824,8.571,8.824,3.000,0,,,,3.000,0,,,,9.000,0,,,,1.000,0,,,,1.000,0,,,,0.220,0.220,0.220,0.220,,,,,,,0,0
'2017-01-31 02:29:00',0,0,0,47313222.000,9.000,8.333,8.333,8.824,3.000,0,,,,3.000,0,,,,9.000,0,,,,1.000,0,,,,1.000,0,,,,0.220,0.220,0.220,0.220,,,,,,,1,0
'2017-01-31 02:30:00',0,0,0,47313230.000,8.000,8.571,8.333,8.571,3.000,0,,,,3.000,0,,,,9.000,0,,,,1.000,0,,,,1.000,0,,,,0.220,0.220,0.220,0.220,,,,,,,0,0
'2017-01-31 02:31:00',0,0,0,47313239.000,9.000,8.571,8.571,8.571,3.000,0,,,,3.000,0,,,,9.000,0,,,,1.000,0,,,,1.000,0,,,,0.220,0.220,0.220,0.220,,,,,,,1,0
'2017-01-31 02:32:00',0,0,0,47313248.000,9.000,8.571,8.571,8.824,3.000,0,,,,3.000,0,,,,9.000,0,,,,1.000,0,,,,1.000,0,,,,0.220,0.220,0.220,0.220,,,,,,,1,0
'2017-01-31 02:33:00',0,0,0,47313257.000,9.000,8.824,8.571,8.824,3.000,0,,,,3.000,0,,,,9.000,0,,,,1.000,0,,,,1.000,0,,,,0.220,0.220,0.220,0.220,,,,,,,1,0
'2017-01-31 02:34:00',0,0,0,47313265.000,8.000,8.824,8.571,8.824,3.000,0,,,,3.000,0,,,,9.000,0,,,,1.000,0,,,,1.000,0,,,,0.220,0.220,0.220,0.220,,,,,,,0,0
'2017-01-31 02:35:00',0,0,0,47313274.000,9.000,8.571,8.571,8.824,3.000,0,,,,3.000,0,,,,9.000,0,,,,1.000,0,,,,1.000,0,,,,0.220,0.220,0.220,0.220,,,,,,,0,0
'2017-01-31 02:36:00',0,0,0,47313283.000,9.000,8.824,8.824,8.824,3.000,0,,,,3.000,0,,,,9.000,0,,,,1.000,0,,,,1.000,0,,,,0.220,0.220,0.220,0.220,,,,,,,1,0
'2017-01-31 02:37:00',0,0,0,47313292.000,9.000,8.824,8.824,9.091,3.000,0,,,,3.000,0,,,,9.000,0,,,,1.000,0,,,,1.000,0,,,,0.220,0.220,0.220,0.220,,,,,,,1,0
'2017-01-31 02:38:00',0,0,0,47313301.000,9.000,8.824,8.824,9.091,3.000,0,,,,3.000,0,,,,9.000,0,,,,1.000,0,,,,1.000,0,,,,0.220,0.220,0.220,0.220,,,,,,,1,0
'2017-01-31 02:39:00',0,0,0,47313310.000,9.000,9.375,8.824,9.375,3.000,0,,,,3.000,0,,,,9.000,0,,,,1.000,0,,,,1.000,0,,,,0.220,0.220,0.220,0.220,,,,,,,1,0
'2017-01-31 02:40:00',0,0,0,47313319.000,9.000,8.824,8.571,9.091,3.000,0,,,,3.000,0,,,,9.000,0,,,,1.000,0,,,,1.000,0,,,,0.220,0.220,0.220,0.220,,,,,,,1,0
'2017-01-31 02:41:00',0,0,0,47313327.000,8.000,8.824,8.571,9.091,3.000,0,,,,3.000,0,,,,9.000,0,,,,1.000,0,,,,1.000,0,,,,0.220,0.220,0.220,0.220,,,,,,,0,0
'2017-01-31 02:42:00',0,0,0,47313336.000,9.000,9.375,8.571,9.375,3.000,0,,,,3.000,0,,,,9.000,0,,,,1.000,0,,,,1.000,0,,,,0.220,0.220,0.220,0.220,,,,,,,0,0
'2017-01-31 02:43:00',0,0,0,47313345.000,9.000,8.824,8.824,9.091,3.000,0,,,,3.000,0,,,,9.000,0,,,,1.000,0,,,,1.000,0,,,,0.220,0.220,0.220,0.220,,,,,,,0,0
'2017-01-31 02:44:00',0,0,0,47313354.000,9.000,8.824,8.824,9.091,3.000,0,,,,3.000,0,,,,9.000,0,,,,1.000,0,,,,1.000,0,,,,0.220,0.220,0.220,0.220,,,,,,,0,0
'2017-01-31 02:45:00',0,0,0,47313363.000,9.000,9.091,8.824,9.091,3.000,0,,,,3.000,0,,,,9.000,0,,,,1.000,0,,,,1.000,0,,,,0.220,0.220,0.220,0.220,,,,,,,0,0
'2017-01-31 02:46:00',0,0,0,47313372.000,9.000,8.824,8.824,9.091,3.000,0,,,,3.000,0,,,,9.000,0,,,,1.000,0,,,,1.000,0,,,,0.220,0.220,0.220,0.220,,,,,,,1,0
'2017-01-31 02:47:00',0,0,0,47313381.000,9.000,8.824,8.571,9.091,3.000,0,,,,3.000,0,,,,9.000,0,,,,1.000,0,,,,1.000,0,,,,0.220,0.220,0.220,0.220,,,,,,,1,0
'2017-01-31 02:48:00',0,0,0,47313390.000,9.000,8.824,8.571,8.824,3.000,0,,,,3.000,0,,,,9.000,0,,,,1.000,0,,,,1.000,0,,,,0.220,0.220,0.220,0.220,,,,,,,1,0
'2017-01-31 02:49:00',0,0,0,47313398.000,8.000,8.571,8.571,8.824,3.000,0,,,,3.000,0,,,,9.000,0,,,,1.000,0,,,,1.000,0,,,,0.220,0.220,0.220,0.220,,,,,,,0,0
'2017-01-31 02:50:00',0,0,0,47313407.000,9.000,8.571,8.571,8.824,3.000,0,,,,3.000,0,,,,9.000,0,,,,1.000,0,,,,1.000,0,,,,0.220,0.220,0.220,0.220,,,,,,,1,0
'2017-01-31 02:51:00',0,0,0,47313415.000,8.000,8.571,8.571,8.824,3.000,0,,,,3.000,0,,,,9.000,0,,,,1.000,0,,,,1.000,0,,,,0.220,0.220,0.220,0.220,,,,,,,0,0
'2017-01-31 02:52:00',0,0,0,47313424.000,9.000,8.333,8.333,8.571,3.000,0,,,,3.000,0,,,,9.000,0,,,,1.000,0,,,,1.000,0,,,,0.220,0.220,0.220,0.220,,,,,,,1,0
'2017-01-31 02:53:00',0,0,0,47313432.000,8.000,8.571,8.571,8.571,3.000,0,,,,3.000,0,,,,9.000,0,,,,1.000,0,,,,1.000,0,,,,0.220,0.220,0.220,0.220,,,,,,,0,0
'2017-01-31 02:54:00',0,0,0,47313441.000,9.000,9.091,8.571,9.091,3.000,0,,,,3.000,0,,,,9.000,0,,,,1.000,0,,,,1.000,0,,,,0.220,0.220,0.220,0.220,,,,,,,0,0
'2017-01-31 02:55:00',0,0,0,47313450.000,9.000,9.091,8.824,9.091,3.000,0,,,,3.000,0,,,,9.000,0,,,,1.000,0,,,,1.000,0,,,,0.220,0.220,0.220,0.220,,,,,,,0,0
'2017-01-31 02:56:00',0,0,0,47313459.000,9.000,8.824,8.824,9.091,3.000,0,,,,3.000,0,,,,9.000,0,,,,1.000,0,,,,1.000,0,,,,0.220,0.220,0.220,0.220,,,,,,,0,0
'2017-01-31 02:57:00',0,0,0,47313468.000,9.000,9.091,8.824,9.091,3.000,0,,,,3.000,0,,,,9.000,0,,,,1.000,0,,,,1.000,0,,,,0.220,0.220,0.220,0.220,,,,,,,0,0
'2017-01-31 02:58:00',0,0,0,47313477.000,9.000,9.091,9.091,9.375,3.000,0,,,,3.000,0,,,,9.000,0,,,,1.000,0,,,,1.000,0,,,,0.220,0.220,0.220,0.220,,,,,,,0,0
'2017-01-31 02:59:00',0,0,0,47313486.000,9.000,9.091,8.824,9.091,3.000,0,,,,3.000,0,,,,9.000,0,,,,1.000,0,,,,1.000,0,,,,0.220,0.220,0.220,0.220,,,,,,,0,0
'2017-01-31 03:00:00',0,0,0,47313495.000,9.000,8.824,8.824,9.091,3.000,0,,,,3.000,0,,,,9.000,0,,,,1.000,0,,,,1.000,0,,,,0.220,0.220,0.220,0.220,,,,,,,0,0
'2017-01-31 03:01:00',0,0,0,47313504.000,9.000,8.824,8.824,9.091,3.000,0,,,,3.000,0,,,,9.000,0,,,,1.000,0,,,,1.000,0,,,,0.220,0.220,0.220,0.220,,,,,,,0,0
'2017-01-31 03:02:00',0,0,0,47313513.000,9.000,8.571,8.571,8.824,3.000,0,,,,3.000,0,,,,9.000,0,,,,1.000,0,,,,1.000,0,,,,0.220,0.220,0.220,0.220,,,,,,,1,0
'2017-01-31 03:03:00',0,0,0,47313521.000,8.000,8.571,8.333,8.571,3.000,0,,,,3.000,0,,,,9.000,0,,,,1.000,0,,,,1.000,0,,,,0.220,0.220,0.220,0.220,,,,,,,0,0
'2017-01-31 03:04:00',0,0,0,47313530.000,9.000,8.571,8.571,8.824,3.000,0,,,,3.000,0,,,,9.000,0,,,,1.000,0,,,,1.000,0,,,,0.220,0.220,0.220,0.220,,,,,,,0,0
'2017-01-31 03:05:00',0,0,0,47313539.000,9.000,8.824,8.571,8.824,3.000,0,,,,3.000,0,,,,9.000,0,,,,1.000,0,,,,1.000,0,,,,0.220,0.220,0.220,0.220,,,,,,,1,0
'2017-01-31 03:06:00',0,0,0,47313548.000,9.000,8.571,8.571,8.824,3.000,0,,,,3.000,0,,,,9.000,0,,,,1.000,0,,,,1.000,0,,,,0.220,0.220,0.220,0.220,,,,,,,1,0
'2017-01-31 03:07:00',0,0,0,47313556.000,8.000,8.333,8.333,8.571,3.000,0,,,,3.000,0,,,,9.000,0,,,,1.000,0,,,,1.000,0,,,,0.220,0.220,0.220,0.220,,,,,,,0,0
'2017-01-31 03:08:00',0,0,0,47313565.000,9.000,8.571,8.333,8.571,3.000,0,,,,3.000,0,,,,9.000,0,,,,1.000,0,,,,1.000,0,,,,0.220,0.220,0.220,0.220,,,,,,,1,0
'2017-01-31 03:09:00',0,0,0,47313573.000,8.000,8.333,8.333,8.571,3.000,0,,,,3.000,0,,,,9.000,0,,,,1.000,0,,,,1.000,0,,,,0.220,0.220,0.220,0.220,,,,,,,1,0
'2017-01-31 03:10:00',0,0,0,47313581.000,8.000,8.571,8.333,8.571,3.000,0,,,,3.000,0,,,,9.000,0,,,,1.000,0,,,,1.000,0,,,,0.220,0.220,0.220,0.220,,,,,,,0,0
'2017-01-31 03:11:00',0,0,0,47313590.000,9.000,8.333,8.333,8.571,3.000,0,,,,3.000,0,,,,9.000,0,,,,1.000,0,,,,1.000,0,,,,0.220,0.220,0.220,0.220,,,,,,,1,0
'2017-01-31 03:12:00',0,0,0,47313598.000,8.000,8.824,8.333,9.091,3.000,0,,,,3.000,0,,,,9.000,0,,,,1.000,0,,,,1.000,0,,,,0.220,0.220,0.220,0.220,,,,,,,0,0
'2017-01-31 03:13:00',0,0,0,47313607.000,9.000,8.333,8.333,8.824,3.000,0,,,,3.000,0,,,,9.000,0,,,,1.000,0,,,,1.000,0,,,,0.220,0.220,0.220,0.220,,,,,,,1,0
'2017-01-31 03:14:00',0,0,0,47313615.000,8.000,8.333,8.333,8.571,3.000,0,,,,3.000,0,,,,9.000,0,,,,1.000,0,,,,1.000,0,,,,0.220,0.220,0.220,0.220,,,,,,,0,0
'2017-01-31 03:15:00',0,0,0,47313624.000,9.000,8.824,8.571,8.824,3.000,0,,,,3.000,0,,,,9.000,0,,,,1.000,0,,,,1.000,0,,,,0.220,0.220,0.220,0.220,,,,,,,1,0
'2017-01-31 03:16:00',0,0,0,47313633.000,9.000,8.824,8.824,8.824,3.000,0,,,,3.000,0,,,,9.000,0,,,,1.000,0,,,,1.000,0,,,,0.220,0.220,0.220,0.220,,,,,,,1,0
'2017-01-31 03:17:00',0,0,0,47313642.000,9.000,8.824,8.824,8.824,3.000,0,,,,3.000,0,,,,9.000,0,,,,1.000,0,,,,1.000,0,,,,0.220,0.220,0.220,0.220,,,,,,,1,0
'2017-01-31 03:18:00',0,0,0,47313650.000,8.000,8.824,8.571,8.824,3.000,0,,,,3.000,0,,,,9.000,0,,,,1.000,0,,,,1.000,0,,,,0.220,0.220,0.220,0.220,,,,,,,0,0
'2017-01-31 03:19:00',0,0,0,47313659.000,9.000,8.824,8.571,8.824,3.000,0,,,,3.000,0,,,,9.000,0,,,,1.000,0,,,,1.000,0,,,,0.220,0.220,0.220,0.220,,,,,,,0,0
'2017-01-31 03:20:00',0,0,0,47313668.000,9.000,8.824,8.824,8.824,3.000,0,,,,3.000,0,,,,9.000,0,,,,1.000,0,,,,1.000,0,,,,0.220,0.220,0.220,0.220,,,,,,,0,0
'2017-01-31 03:21:00',0,0,0,47313677.000,9.000,8.824,8.824,8.824,3.000,0,,,,3.000,0,,,,9.000,0,,,,1.000,0,,,,1.000,0,,,,0.220,0.220,0.220,0.220,,,,,,,1,0
'2017-01-31 03:22:00',0,0,0,47313686.000,9.000,8.824,8.824,9.091,3.000,0,,,,3.000,0,,,,9.000,0,,,,1.000,0,,,,1.000,0,,,,0.220,0.220,0.220,0.220,,,,,,,1,0
'2017-01-31 03:23:00',0,0,0,47313694.000,8.000,8.571,8.571,9.091,3.000,0,,,,3.000,0,,,,9.000,0,,,,1.000,0,,,,1.000,0,,,,0.220,0.220,0.220,0.220,,,,,,,0,0
'2017-01-31 03:24:00',0,0,0,47313703.000,9.000,8.571,8.571,8.571,3.000,0,,,,3.000,0,,,,9.000,0,,,,1.000,0,,,,1.000,0,,,,0.220,0.220,0.220,0.220,,,,,,,1,0
'2017-01-31 03:25:00',0,0,0,47313711.000,8.000,8.571,8.571,8.571,3.000,0,,,,3.000,0,,,,9.000,0,,,,1.000,0,,,,1.000,0,,,,0.220,0.220,0.220,0.220,,,,,,,0,0
'2017-01-31 03:26:00',0,0,0,47313720.000,9.000,8.571,8.333,8.571,3.000,0,,,,3.000,0,,,,9.000,0,,,,1.000,0,,,,1.000,0,,,,0.220,0.220,0.220,0.220,,,,,,,1,0
'2017-01-31 03:27:00',0,0,0,47313729.000,9.000,8.571,8.571,8.571,3.000,0,,,,3.000,0,,,,9.000,0,,,,1.000,0,,,,1.000,0,,,,0.220,0.220,0.220,0.220,,,,,,,1,0
'2017-01-31 03:28:00',0,0,0,47313737.000,8.000,8.108,8.108,8.571,3.000,0,,,,3.000,0,,,,9.000,0,,,,1.000,0,,,,1.000,0,,,,0.220,0.220,0.220,0.220,,,,,,,1,0
'2017-01-31 03:29:00',0,0,0,47313745.000,8.000,8.108,8.108,8.333,3.000,0,,,,3.000,0,,,,9.000,0,,,,1.000,0,,,,1.000,0,,,,0.220,0.220,0.220,0.220,,,,,,,0,0
'2017-01-31 03:30:00',0,0,0,47313753.000,8.000,8.333,8.108,8.333,3.000,0,,,,3.000,0,,,,9.000,0,,,,1.000,0,,,,1.000,0,,,,0.220,0.220,0.220,0.220,,,,,,,0,0
'2017-01-31 03:31:00',0,0,0,47313762.000,9.000,8.333,8.108,8.333,3.000,0,,,,3.000,0,,,,9.000,0,,,,1.000,0,,,,1.000,0,,,,0.220,0.220,0.220,0.220,,,,,,,1,0
'2017-01-31 03:32:00',0,0,0,47313770.000,8.000,8.108,8.108,8.333,3.000,0,,,,3.000,0,,,,9.000,0,,,,1.000,0,,,,1.000,0,,,,0.220,0.220,0.220,0.220,,,,,,,1,0
'2017-01-31 03:33:00',0,0,0,47313778.000,8.000,8.824,8.108,9.091,3.000,0,,,,3.000,0,,,,9.000,0,,,,1.000,0,,,,1.000,0,,,,0.220,0.220,0.220,0.220,,,,,,,0,0
'2017-01-31 03:34:00',0,0,0,47313787.000,9.000,8.571,8.108,8.824,3.000,0,,,,3.000,0,,,,9.000,0,,,,1.000,0,,,,1.000,0,,,,0.220,0.220,0.220,0.220,,,,,,,1,0
'2017-01-31 03:35:00',0,0,0,47313795.000,8.000,8.824,8.571,8.824,3.000,0,,,,3.000,0,,,,9.000,0,,,,1.000,0,,,,1.000,0,,,,0.220,0.220,0.220,0.220,,,,,,,0,0
'2017-01-31 03:36:00',0,0,0,47313804.000,9.000,8.571,8.571,8.824,3.000,0,,,,3.000,0,,,,9.000,0,,,,1.000,0,,,,1.000,0,,,,0.220,0.220,0.220,0.220,,,,,,,0,0
'2017-01-31 03:37:00',0,0,0,47313813.000,9.000,9.091,8.824,9.091,3.000,0,,,,3.000,0,,,,9.000,0,,,,1.000,0,,,,1.000,0,,,,0.220,0.220,0.220,0.220,,,,,,,1,0
'2017-01-31 03:38:00',0,0,0,47313822.000,9.000,9.091,8.824,9.375,3.000,0,,,,3.000,0,,,,9.000,0,,,,1.000,0,,,,1.000,0,,,,0.220,0.220,0.220,0.220,,,,,,,0,0
'2017-01-31 03:39:00',0,0,0,47313831.000,9.000,9.375,9.091,9.375,3.000,0,,,,3.000,0,,,,9.000,0,,,,1.000,0,,,,1.000,0,,,,0.220,0.220,0.220,0.220,,,,,,,0,0
'2017-01-31 03:40:00',0,0,0,47313841.000,10.000,9.375,9.375,9.677,3.000,0,,,,3.000,0,,,,9.000,0,,,,1.000,0,,,,1.000,0,,,,0.220,0.220,0.220,0.220,,,,,,,1,0
'2017-01-31 03:41:00',0,0,0,47313850.000,9.000,9.375,9.375,9.677,3.000,0,,,,3.000,0,,,,9.000,0,,,,1.000,0,,,,1.000,0,,,,0.220,0.220,0.220,0.220,,,,,,,0,0
'2017-01-31 03:42:00',0,0,0,47313860.000,10.000,9.677,9.375,9.677,3.000,0,,,,3.000,0,,,,9.000,0,,,,1.000,0,,,,1.000,0,,,,0.220,0.220,0.220,0.220,,,,,,,0,0
'2017-01-31 03:43:00',0,0,0,47313870.000,10.000,9.677,9.375,9.677,3.000,0,,,,3.000,0,,,,9.000,0,,,,1.000,0,,,,1.000,0,,,,0.220,0.220,0.220,0.220,,,,,,,1,0
'2017-01-31 03:44:00',0,0,0,47313879.000,9.000,9.091,9.091,9.677,3.000,0,,,,3.000,0,,,,9.000,0,,,,1.000,0,,,,1.000,0,,,,0.220,0.220,0.220,0.220,,,,,,,0,0
'2017-01-31 03:45:00',0,0,0,47313888.000,9.000,8.824,8.824,9.375,3.000,0,,,,3.000,0,,,,9.000,0,,,,1.000,0,,,,1.000,0,,,,0.220,0.220,0.220,0.220,,,,,,,0,0
'2017-01-31 03:46:00',0,0,0,47313897.000,9.000,10.000,8.824,10.000,3.000,0,,,,3.000,0,,,,9.000,0,,,,1.000,0,,,,1.000,0,,,,0.220,0.220,0.220,0.220,,,,,,,0,0
'2017-01-31 03:47:00',0,0,0,47313907.000,10.000,9.677,9.677,10.000,3.000,0,,,,3.000,0,,,,9.000,0,,,,1.000,0,,,,1.000,0,,,,0.220,0.220,0.220,0.220,,,,,,,0,0
'2017-01-31 03:48:00',0,0,0,47313917.000,10.000,10.000,9.677,10.000,3.000,0,,,,3.000,0,,,,9.000,0,,,,1.000,0,,,,1.000,0,,,,0.220,0.220,0.220,0.220,,,,,,,0,0
'2017-01-31 03:49:00',0,0,0,47313927.000,10.000,10.000,10.000,10.000,3.000,0,,,,3.000,0,,,,9.000,0,,,,1.000,0,,,,1.000,0,,,,0.220,0.220,0.220,0.220,,,,,,,0,0
'2017-01-31 03:50:00',0,0,0,47313937.000,10.000,9.091,9.091,10.000,3.000,0,,,,3.000,0,,,,9.000,0,,,,1.000,0,,,,1.000,0,,,,0.220,0.220,0.220,0.220,,,,,,,1,0
'2017-01-31 03:51:00',0,0,0,47313946.000,9.000,9.091,9.091,9.375,3.000,0,,,,3.000,0,,,,9.000,0,,,,1.000,0,,,,1.000,0,,,,0.220,0.220,0.220,0.220,,,,,,,1,0
'2017-01-31 03:52:00',0,0,0,47313955.000,9.000,9.091,9.091,9.375,3.000,0,,,,3.000,0,,,,9.000,0,,,,1.000,0,,,,1.000,0,,,,0.220,0.220,0.220,0.220,,,,,,,0,0
'2017-01-31 03:53:00',0,0,0,47313964.000,9.000,9.375,9.091,9.375,3.000,0,,,,3.000,0,,,,9.000,0,,,,1.000,0,,,,1.000,0,,,,0.220,0.220,0.220,0.220,,,,,,,0,0
'2017-01-31 03:54:00',0,0,0,47313973.000,9.000,9.375,9.091,9.375,3.000,0,,,,3.000,0,,,,9.000,0,,,,1.000,0,,,,1.000,0,,,,0.220,0.220,0.220,0.220,,,,,,,0,0
'2017-01-31 03:55:00',0,0,0,47313983.000,10.000,9.375,9.091,9.375,3.000,0,,,,3.000,0,,,,9.000,0,,,,1.000,0,,,,1.000,0,,,,0.220,0.220,0.220,0.220,,,,,,,1,0
'2017-01-31 03:56:00',0,0,0,47313992.000,9.000,8.824,8.824,9.091,3.000,0,,,,3.000,0,,,,9.000,0,,,,1.000,0,,,,1.000,0,,,,0.220,0.220,0.220,0.220,,,,,,,1,0
'2017-01-31 03:57:00',0,0,0,47314001.000,9.000,9.375,8.824,9.375,3.000,0,,,,3.000,0,,,,9.000,0,,,,1.000,0,,,,1.000,0,,,,0.220,0.220,0.220,0.220,,,,,,,1,0
'2017-01-31 03:58:00',0,0,0,47314011.000,10.000,10.000,9.375,10.000,3.000,0,,,,3.000,0,,,,9.000,0,,,,1.000,0,,,,1.000,0,,,,0.220,0.220,0.220,0.220,,,,,,,1,0
'2017-01-31 03:59:00',0,0,0,47314020.000,9.000,9.677,9.677,10.345,3.000,0,,,,3.000,0,,,,9.000,0,,,,1.000,0,,,,1.000,0,,,,0.220,0.220,0.220,0.220,,,,,,,0,0
'2017-01-31 04:00:00',0,0,0,47314030.000,10.000,9.677,9.375,9.677,3.000,0,,,,3.000,0,,,,9.000,0,,,,1.000,0,,,,1.000,0,,,,0.220,0.220,0.220,0.220,,,,,,,0,0
'2017-01-31 04:01:00',0,0,0,47314040.000,10.000,10.000,9.677,10.345,3.000,0,,,,3.000,0,,,,9.000,0,,,,1.000,0,,,,1.000,0,,,,0.220,0.220,0.220,0.220,,,,,,,1,0
'2017-01-31 04:02:00',0,0,0,47314049.000,9.000,9.375,9.375,10.000,3.000,0,,,,3.000,0,,,,9.000,0,,,,1.000,0,,,,1.000,0,,,,0.220,0.220,0.220,0.220,,,,,,,0,0
'2017-01-31 04:03:00',0,0,0,47314059.000,10.000,9.375,9.091,9.677,3.000,0,,,,3.000,0,,,,9.000,0,,,,1.000,0,,,,1.000,0,,,,0.220,0.220,0.220,0.220,,,,,,,1,0
'2017-01-31 04:04:00',0,0,0,47314069.000,10.000,10.000,9.375,10.000,3.000,0,,,,3.000,0,,,,9.000,0,,,,1.000,0,,,,1.000,0,,,,0.220,0.220,0.220,0.220,,,,,,,1,0
'2017-01-31 04:05:00',0,0,0,47314078.000,9.000,9.677,9.375,10.000,3.000,0,,,,3.000,0,,,,9.000,0,,,,1.000,0,,,,1.000,0,,,,0.220,0.220,0.220,0.220,,,,,,,0,0
'2017-01-31 04:06:00',0,0,0,47314088.000,10.000,10.000,9.375,10.000,3.000,0,,,,3.000,0,,,,9.000,0,,,,1.000,0,,,,1.000,0,,,,0.220,0.220,0.220,0.220,,,,,,,0,0
'2017-01-31 04:07:00',0,0,0,47314097.000,9.000,9.375,9.375,10.000,3.000,0,,,,3.000,0,,,,9.000,0,,,,1.000,0,,,,1.000,0,,,,0.220,0.220,0.220,0.220,,,,,,,0,0
'2017-01-31 04:08:00',0,0,0,47314107.000,10.000,9.677,9.375,10.000,3.000,0,,,,3.000,0,,,,9.000,0,,,,1.000,0,,,,1.000,0,,,,0.220,0.220,0.220,0.220,,,,,,,0,0
'2017-01-31 04:09:00',0,0,0,47314117.000,10.000,9.375,9.375,9.677,3.000,0,,,,3.000,0,,,,9.000,0,,,,1.000,0,,,,1.000,0,,,,0.220,0.220,0.220,0.220,,,,,,,1,0
'2017-01-31 04:10:00',0,0,0,47314126.000,9.000,9.375,9.375,9.677,3.000,0,,,,3.000,0,,,,9.000,0,,,,1.000,0,,,,1.000,0,,,,0.220,0.220,0.220,0.220,,,,,,,1,0
'2017-01-31 04:11:00',0,0,0,47314135.000,9.000,9.375,9.375,9.375,3.000,0,,,,3.000,0,,,,9.000,0,,,,1.000,0,,,,1.000,0,,,,0.220,0.220,0.220,0.220,,,,,,,0,0
'2017-01-31 04:12:00',0,0,0,47314145.000,10.000,9.375,9.375,9.375,3.000,0,,,,3.000,0,,,,9.000,0,,,,1.000,0,,,,1.000,0,,,,0.220,0.220,0.220,0.220,,,,,,,1,0
'2017-01-31 04:13:00',0,0,0,47314154.000,9.000,9.091,9.091,9.375,3.000,0,,,,3.000,0,,,,9.000,0,,,,1.000,0,,,,1.000,0,,,,0.220,0.220,0.220,0.220,,,,,,,1,0
'2017-01-31 04:14:00',0,0,0,47314163.000,9.000,9.091,9.091,9.375,3.000,0,,,,3.000,0,,,,9.000,0,,,,1.000,0,,,,1.000,0,,,,0.220,0.220,0.220,0.220,,,,,,,0,0
'2017-01-31 04:15:00',0,0,0,47314172.000,9.000,9.091,9.091,9.375,3.000,0,,,,3.000,0,,,,9.000,0,,,,1.000,0,,,,1.000,0,,,,0.220,0.220,0.220,0.220,,,,,,,0,0
'2017-01-31 04:16:00',0,0,0,47314182.000,10.000,9.091,9.091,9.375,3.000,0,,,,3.000,0,,,,9.000,0,,,,1.000,0,,,,1.000,0,,,,0.220,0.220,0.220,0.220,,,,,,,1,0
'2017-01-31 04:17:00',0,0,0,47314191.000,9.000,9.091,9.091,9.375,3.000,0,,,,3.000,0,,,,9.000,0,,,,1.000,0,,,,1.000,0,,,,0.220,0.220,0.220,0.220,,,,,,,1,0
'2017-01-31 04:18:00',0,0,0,47314200.000,9.000,9.091,9.091,9.375,3.000,0,,,,3.000,0,,,,9.000,0,,,,1.000,0,,,,1.000,0,,,,0.220,0.220,0.220,0.220,,,,,,,1,0
'2017-01-31 04:19:00',0,0,0,47314209.000,9.000,9.091,9.091,9.375,3.000,0,,,,3.000,0,,,,9.000,0,,,,1.000,0,,,,1.000,0,,,,0.220,0.220,0.220,0.220,,,,,,,0,0
'2017-01-31 04:20:00',0,0,0,47314219.000,10.000,9.677,9.091,9.677,3.000,0,,,,3.000,0,,,,9.000,0,,,,1.000,0,,,,1.000,0,,,,0.220,0.220,0.220,0.220,,,,,,,1,0
'2017-01-31 04:21:00',0,0,0,47314229.000,10.000,10.345,9.375,10.345,3.000,0,,,,3.000,0,,,,9.000,0,,,,1.000,0,,,,1.000,0,,,,0.220,0.220,0.220,0.220,,,,,,,1,0
'2017-01-31 04:22:00',0,0,0,47314238.000,9.000,9.375,9.375,10.345,3.000,0,,,,3.000,0,,,,9.000,0,,,,1.000,0,,,,1.000,0,,,,0.220,0.220,0.220,0.220,,,,,,,0,0
'2017-01-31 04:23:00',0,0,0,47314248.000,10.000,9.677,9.375,9.677,3.000,0,,,,3.000,0,,,,9.000,0,,,,1.000,0,,,,1.000,0,,,,0.220,0.220,0.220,0.220,,,,,,,1,0
'2017-01-31 04:24:00',0,0,0,47314257.000,9.000,9.375,9.375,9.677,3.000,0,,,,3.000,0,,,,9.000,0,,,,1.000,0,,,,1.000,0,,,,0.220,0.220,0.220,0.220,,,,,,,0,0
'2017-01-31 04:25:00',0,0,0,47314267.000,10.000,9.375,9.375,9.677,3.000,0,,,,3.000,0,,,,9.000,0,,,,1.000,0,,,,1.000,0,,,,0.220,0.220,0.220,0.220,,,,,,,1,0
'2017-01-31 04:26:00',0,0,0,47314276.000,9.000,9.375,9.375,9.677,3.000,0,,,,3.000,0,,,,9.000,0,,,,1.000,0,,,,1.000,0,,,,0.220,0.220,0.220,0.220,,,,,,,0,0
'2017-01-31 04:27:00',0,0,0,47314286.000,10.000,9.375,9.375,9.677,3.000,0,,,,3.000,0,,,,9.000,0,,,,1.000,0,,,,1.000,0,,,,0.220,0.220,0.220,0.220,,,,,,,1,0
'2017-01-31 04:28:00',0,0,0,47314295.000,9.000,9.375,9.091,9.375,3.000,0,,,,3.000,0,,,,9.000,0,,,,1.000,0,,,,1.000,0,,,,0.220,0.220,0.220,0.220,,,,,,,1,0
'2017-01-31 04:29:00',0,0,0,47314304.000,9.000,9.375,9.091,9.375,3.000,0,,,,3.000,0,,,,9.000,0,,,,1.000,0,,,,1.000,0,,,,0.220,0.220,0.220,0.220,,,,,,,0,0
'2017-01-31 04:30:00',0,0,0,47314314.000,10.000,9.677,9.375,10.000,3.000,0,,,,3.000,0,,,,9.000,0,,,,1.000,0,,,,1.000,0,,,,0.220,0.220,0.220,0.220,,,,,,,1,0
'2017-01-31 04:31:00',0,0,0,47314323.000,9.000,9.677,9.677,9.677,3.000,0,,,,3.000,0,,,,9.000,0,,,,1.000,0,,,,1.000,0,,,,0.220,0.220,0.220,0.220,,,,,,,0,0
'2017-01-31 04:32:00',0,0,0,47314333.000,10.000,9.091,9.091,9.677,3.000,0,,,,3.000,0,,,,9.000,0,,,,1.000,0,,,,1.000,0,,,,0.220,0.220,0.220,0.220,,,,,,,1,0
'2017-01-31 04:33:00',0,0,0,47314342.000,9.000,9.091,9.091,9.375,3.000,0,,,,3.000,0,,,,9.000,0,,,,1.000,0,,,,1.000,0,,,,0.220,0.220,0.220,0.220,,,,,,,1,0
'2017-01-31 04:34:00',0,0,0,47314351.000,9.000,9.375,9.091,9.375,3.000,0,,,,3.000,0,,,,9.000,0,,,,1.000,0,,,,1.000,0,,,,0.220,0.220,0.220,0.220,,,,,,,0,0
'2017-01-31 04:35:00',0,0,0,47314360.000,9.000,9.091,9.091,9.677,3.000,0,,,,3.000,0,,,,9.000,0,,,,1.000,0,,,,1.000,0,,,,0.220,0.220,0.220,0.220,,,,,,,0,0
'2017-01-31 04:36:00',0,0,0,47314370.000,10.000,9.375,9.091,9.375,3.000,0,,,,3.000,0,,,,9.000,0,,,,1.000,0,,,,1.000,0,,,,0.220,0.220,0.220,0.220,,,,,,,1,0
'2017-01-31 04:37:00',0,0,0,47314379.000,9.000,9.091,9.091,9.375,3.000,0,,,,3.000,0,,,,9.000,0,,,,1.000,0,,,,1.000,0,,,,0.220,0.220,0.220,0.220,,,,,,,1,0
'2017-01-31 04:38:00',0,0,0,47314388.000,9.000,8.824,8.824,9.091,3.000,0,,,,3.000,0,,,,9.000,0,,,,1.000,0,,,,1.000,0,,,,0.220,0.220,0.220,0.220,,,,,,,1,0
'2017-01-31 04:39:00',0,0,0,47314397.000,9.000,9.091,8.824,9.091,3.000,0,,,,3.000,0,,,,9.000,0,,,,1.000,0,,,,1.000,0,,,,0.220,0.220,0.220,0.220,,,,,,,1,0
'2017-01-31 04:40:00',0,0,0,47314405.000,8.000,8.824,8.824,9.091,3.000,0,,,,3.000,0,,,,9.000,0,,,,1.000,0,,,,1.000,0,,,,0.220,0.220,0.220,0.220,,,,,,,0,0
'2017-01-31 04:41:00',0,0,0,47314414.000,9.000,9.091,8.824,9.091,3.000,0,,,,3.000,0,,,,9.000,0,,,,1.000,0,,,,1.000,0,,,,0.220,0.220,0.220,0.220,,,,,,,0,0
'2017-01-31 04:42:00',0,0,0,47314423.000,9.000,9.091,8.824,9.091,3.000,0,,,,3.000,0,,,,9.000,0,,,,1.000,0,,,,1.000,0,,,,0.220,0.220,0.220,0.220,,,,,,,0,0
'2017-01-31 04:43:00',0,0,0,47314433.000,10.000,9.375,9.091,10.000,3.000,0,,,,3.000,0,,,,9.000,0,,,,1.000,0,,,,1.000,0,,,,0.220,0.220,0.220,0.220,,,,,,,1,0
'2017-01-31 04:44:00',0,0,0,47314442.000,9.000,9.677,9.091,9.677,3.000,0,,,,3.000,0,,,,9.000,0,,,,1.000,0,,,,1.000,0,,,,0.220,0.220,0.220,0.220,,,,,,,0,0
'2017-01-31 04:45:00',0,0,0,47314452.000,10.000,9.375,9.375,9.677,3.000,0,,,,3.000,0,,,,9.000,0,,,,1.000,0,,,,1.000,0,,,,0.220,0.220,0.220,0.220,,,,,,,1,0
'2017-01-31 04:46:00',0,0,0,47314461.000,9.000,9.677,9.375,9.677,3.000,0,,,,3.000,0,,,,9.000,0,,,,1.000,0,,,,1.000,0,,,,0.220,0.220,0.220,0.220,,,,,,,0,0
'2017-01-31 04:47:00',0,0,0,47314471.000,10.000,9.677,9.375,9.677,3.000,0,,,,3.000,0,,,,9.000,0,,,,1.000,0,,,,1.000,0,,,,0.220,0.220,0.220,0.220,,,,,,,1,0
'2017-01-31 04:48:00',0,0,0,47314480.000,9.000,9.677,9.375,9.677,3.000,0,,,,3.000,0,,,,9.000,0,,,,1.000,0,,,,1.000,0,,,,0.220,0.220,0.220,0.220,,,,,,,0,0
'2017-01-31 04:49:00',0,0,0,47314490.000,10.000,9.677,9.375,9.677,3.000,0,,,,3.000,0,,,,9.000,0,,,,1.000,0,,,,1.000,0,,,,0.220,0.220,0.220,0.220,,,,,,,1,0
'2017-01-31 04:50:00',0,0,0,47314499.000,9.000,9.677,9.375,9.677,3.000,0,,,,3.000,0,,,,9.000,0,,,,1.000,0,,,,1.000,0,,,,0.220,0.220,0.220,0.220,,,,,,,0,0
'2017-01-31 04:51:00',0,0,0,47314509.000,10.000,9.375,9.091,9.375,3.000,0,,,,3.000,0,,,,9.000,0,,,,1.000,0,,,,1.000,0,,,,0.220,0.220,0.220,0.220,,,,,,,1,0
'2017-01-31 04:52:00',0,0,0,47314518.000,9.000,9.091,9.091,9.375,3.000,0,,,,3.000,0,,,,9.000,0,,,,1.000,0,,,,1.000,0,,,,0.220,0.220,0.220,0.220,,,,,,,1,0
'2017-01-31 04:53:00',0,0,0,47314527.000,9.000,9.375,9.091,9.375,3.000,0,,,,3.000,0,,,,9.000,0,,,,1.000,0,,,,1.000,0,,,,0.220,0.220,0.220,0.220,,,,,,,0,0
